r	C	l_mu
0	0.329760126526667	2.87812269031781
14520	0.151304806256041	2.6229859571323
15972	0.13390738950883	2.56415373244642
17424	0.142606097882436	2.58255728011826
18876	0.145769264563747	2.57132298595713
20328	0.130480625604077	2.56282335550628
21780	0.153413584043581	2.61322985957132
23232	0.153413584043581	2.63237250554324
24684	0.140497320094895	2.5883823083914
26136	0.151304806256041	2.61441241685144
27588	0.150514014585713	2.579970436068
29040	0.145769264563747	2.61759053954176
30492	0.143660486776206	2.58477457501848
31944	0.13390738950883	2.5630869433505
33396	0.147350847904402	2.64353288987435
34848	0.146296459010632	2.64855875831486
36300	0.150514014585713	2.60277188730688
37752	0.149459625691943	2.59512195121951
39204	0.141551708988665	2.6029563932003
40656	0.142606097882436	2.64360679970436
42108	0.14102451454178	2.55816703621582
43560	0.136543361743256	2.58891352549889
45012	0.158158334065548	2.60192165558019
46464	0.146032861787189	2.58935698447894
47916	0.14102451454178	2.60206947524021
49368	0.139179333977682	2.61212121212121
50820	0.135488972849486	2.57878787878788
52272	0.139442931201125	2.59061345158906
53724	0.143133292329321	2.60569105691057
55176	0.150777611809156	2.60679970436068
56628	0.144451278446534	2.64316334072432
58080	0.143660486776206	2.62276422764228
59532	0.143660486776206	2.62535107169254
60984	0.144714875669976	2.57937915742794
62436	0.137861347860469	2.61515151515152
63888	0.154995167384237	2.63858093126386
65340	0.134961778402601	2.57376201034738
66792	0.143924083999649	2.58713968957871
68244	0.153413584043581	2.58381374722838
69696	0.141288111765223	2.57930524759793
71148	0.142342500658993	2.58617886178862
72600	0.140497320094895	2.59719142645972
74052	0.136543361743256	2.62047302291205
75504	0.154731570160794	2.64183296378418
76956	0.147878042351287	2.59739472887004
78408	0.152886389596696	2.60872135994087
79860	0.143924083999649	2.5649743828598
81312	0.145505667340304	2.58974553165707
82764	0.141288111765223	2.56187518933656
84216	0.1491960284685	2.61155710390791
85668	0.137070556190141	2.57738359201774
87120	0.146560056234074	2.62453806356245
88572	0.147878042351287	2.60140428677014
90024	0.149459625691943	2.58551367331855
91476	0.137597750637027	2.58507021433851
92928	0.153677181267024	2.63252032520325
94380	0.144451278446534	2.5818691305665
95832	0.137070556190141	2.60643015521064
97284	0.160003514629646	2.66651884700665
98736	0.146560056234074	2.56674057649667
100188	0.145505667340304	2.56210239321418
101640	0.138652139530797	2.5583913965465
103092	0.139706528424567	2.60206947524021
104544	0.154731570160794	2.61448632668145
105996	0.157631139618663	2.62091648189209
107448	0.148668834021615	2.5960088691796
108900	0.138124945083912	2.58625277161863
110352	0.151568403479483	2.60421084519842
111804	0.133116597838503	2.56363636363636
113256	0.142342500658993	2.5869918699187
114708	0.147614445127845	2.57868827627992
116160	0.143660486776206	2.60206947524021
117612	0.142869695105878	2.58987435328899
119064	0.144187681223091	2.59948263118995
120516	0.147878042351287	2.60332594235033
121968	0.144451278446534	2.54836205558143
123420	0.143924083999649	2.60345349893972
124872	0.146823653457517	2.58800363526204
126324	0.147614445127845	2.57346637102735
127776	0.149986820138828	2.59283074648928
129228	0.143133292329321	2.60946045824095
130680	0.153940778490467	2.59686458648894
132132	0.142606097882436	2.57043606799704
133584	0.140760917318338	2.57300817933959
135036	0.148405236798172	2.61042128603104
136488	0.15025041736227	2.61419068736142
137940	0.147614445127845	2.60628233555063
139392	0.135752570072929	2.58839615668884
140844	0.146032861787189	2.62660753880266
142296	0.150777611809156	2.62993348115299
143748	0.144451278446534	2.5840354767184
145200	0.141288111765223	2.58765705838877
146652	0.140497320094895	2.60192165558019
148104	0.162375889640629	2.61541956982733
149556	0.137070556190141	2.5969696969697
151008	0.148932431245058	2.60369549150037
152460	0.141815306212108	2.57841832963784
153912	0.153677181267024	2.65883222468588
155364	0.131007820050962	2.58913525498891
156816	0.134698181179158	2.53233868524689
158268	0.153149986820139	2.569992609017
159720	0.13891573675424	2.59445676274945
161172	0.157631139618663	2.64663710273466
162624	0.142606097882436	2.57908351810791
164076	0.146823653457517	2.59756097560976
165528	0.152886389596696	2.64434589800443
166980	0.138652139530797	2.59157427937916
168432	0.155258764607679	2.6490022172949
169884	0.142869695105878	2.57716186252772
171336	0.152886389596696	2.58876098152075
172788	0.157103945171778	2.6339985218034
174240	0.143660486776206	2.57444713723114
175692	0.13891573675424	2.58217206906998
177144	0.152095597926369	2.6059866962306
178596	0.147878042351287	2.62675535846268
180048	0.144978472893419	2.60236511456024
181500	0.151304806256041	2.59777340199939
182952	0.143396889552763	2.58824833702882
184404	0.158949125735876	2.61557103907907
185856	0.144978472893419	2.58713968957871
187308	0.155522361831122	2.61049519586105
188760	0.14102451454178	2.57849223946785
190212	0.147350847904402	2.60251293422025
191664	0.150777611809156	2.61116038433112
193116	0.143396889552763	2.64087213599409
194568	0.142869695105878	2.57487065779749
196020	0.140233722871452	2.58750923872875
197472	0.146560056234074	2.64020694752402
198924	0.150514014585713	2.63518107908352
200376	0.147350847904402	2.61382113821138
201828	0.157103945171778	2.61906873614191
203280	0.140497320094895	2.57915742793792
204732	0.137597750637027	2.60473022912047
206184	0.147087250680959	2.60125646711013
207636	0.148668834021615	2.60731707317073
209088	0.161321500746859	2.64863266814486
210540	0.161057903523416	2.66725794530673
211992	0.148668834021615	2.61042128603104
213444	0.147614445127845	2.5696001211754
214896	0.133643792285388	2.59556541019956
216348	0.146032861787189	2.57250554323725
217800	0.146823653457517	2.58647450110865
219252	0.150514014585713	2.58588306573766
220704	0.141551708988665	2.58632668144863
222156	0.135752570072929	2.60783444198078
223608	0.141551708988665	2.60214338507021
225060	0.14102451454178	2.55399878824599
226512	0.150777611809156	2.58263118994826
227964	0.152359195149811	2.61086474501109
229416	0.150514014585713	2.58654841093865
230868	0.155522361831122	2.63732446415373
232320	0.150777611809156	2.61670362158167
233772	0.138652139530797	2.61241685144124
235224	0.141815306212108	2.5710273466371
236676	0.152095597926369	2.607391699485
238128	0.148932431245058	2.62557280118256
239580	0.152095597926369	2.6110125646711
241032	0.152095597926369	2.59527415934565
242484	0.13997012564801	2.59889135254989
243936	0.152359195149811	2.63843311160384
245388	0.142869695105878	2.579970436068
246840	0.148405236798172	2.59430894308943
248292	0.148932431245058	2.59667405764967
249744	0.157894736842105	2.60243902439024
251196	0.142869695105878	2.58950480413895
252648	0.133643792285388	2.56762749445676
254100	0.146560056234074	2.58677014042868
255552	0.142342500658993	2.60849963045085
257004	0.147087250680959	2.6120473022912
258456	0.149459625691943	2.6249815225425
259908	0.143396889552763	2.59807834441981
261360	0.154731570160794	2.59637841832964
262812	0.144714875669976	2.60073909830007
264264	0.14102451454178	2.59053954175905
265716	0.148932431245058	2.61034737620103
267168	0.148932431245058	2.61929046563193
268620	0.13891573675424	2.59024390243902
270072	0.15736754239522	2.66592756836659
271524	0.142869695105878	2.57642276422764
272976	0.141288111765223	2.61914264597191
274428	0.142869695105878	2.58935698447894
275880	0.139706528424567	2.55165101484399
277332	0.13997012564801	2.63939393939394
278784	0.15025041736227	2.5960088691796
280236	0.146296459010632	2.58041389504804
281688	0.153940778490467	2.62535107169254
283140	0.148932431245058	2.59593495934959
284592	0.135488972849486	2.57257945306726
286044	0.144187681223091	2.62305986696231
287496	0.143660486776206	2.61492978566149
288948	0.14207890343555	2.57147080561715
290400	0.146823653457517	2.60288248337029
291852	0.149459625691943	2.60687361419069
293304	0.146032861787189	2.57612712490761
294756	0.151304806256041	2.60909090909091
296208	0.150514014585713	2.63059866962306
297660	0.144714875669976	2.60169992609017
299112	0.138652139530797	2.5880266075388
300564	0.138652139530797	2.58972653362897
302016	0.133643792285388	2.57243163340724
303468	0.14814163957473	2.58115299334812
304920	0.143133292329321	2.59578713968958
306372	0.145505667340304	2.62838137472284
307824	0.15025041736227	2.60768662232077
309276	0.146823653457517	2.59762193274765
310728	0.143133292329321	2.58307464892831
312180	0.146560056234074	2.61278640059128
313632	0.152359195149811	2.61189948263119
315084	0.139442931201125	2.55040650406504
316536	0.144714875669976	2.62121212121212
317988	0.132062208944732	2.57834441980783
319440	0.14814163957473	2.61263858093126
320892	0.143396889552763	2.60118255728012
322344	0.15631315350145	2.60473022912047
323796	0.139442931201125	2.57442719881744
325248	0.157103945171778	2.61382914268404
326700	0.149459625691943	2.61655580192166
328152	0.156576750724892	2.64774575018477
329604	0.144714875669976	2.56541019955654
331056	0.143133292329321	2.58920916481892
332508	0.142869695105878	2.5860310421286
333960	0.137070556190141	2.57361419068736
335412	0.154995167384237	2.60746489283075
336864	0.144714875669976	2.59852180339985
338316	0.14207890343555	2.58529194382853
339768	0.153149986820139	2.59866962305987
341220	0.142606097882436	2.5990608906392
342672	0.144451278446534	2.59157427937916
344124	0.151568403479483	2.61818181818182
345576	0.151304806256041	2.60066518847007
347028	0.137070556190141	2.60133037694013
348480	0.153149986820139	2.5849742502272
349932	0.150514014585713	2.61278640059128
351384	0.14207890343555	2.61980783444198
352836	0.146560056234074	2.59652623798965
354288	0.148668834021615	2.61544715447154
355740	0.155785959054565	2.63976348854398
357192	0.147878042351287	2.61914264597191
358644	0.156049556278007	2.60813008130081
360096	0.163166681310957	2.66637102734664
361548	0.140760917318338	2.60133037694013
363000	0.145505667340304	2.58625277161863
364452	0.142869695105878	2.59933481152993
365904	0.146560056234074	2.66474501108647
367356	0.142869695105878	2.59830007390983
368808	0.151832000702926	2.62453806356245
370260	0.149986820138828	2.60909090909091
371712	0.146032861787189	2.6110125646711
373164	0.150777611809156	2.60938654841094
374616	0.144451278446534	2.57937915742794
376068	0.147878042351287	2.63835920177384
377520	0.14207890343555	2.56354135110573
378972	0.153149986820139	2.59068736141907
380424	0.13390738950883	2.57708795269771
381876	0.136543361743256	2.62461197339246
383328	0.148668834021615	2.59911308203991
384780	0.147878042351287	2.59127864005913
386232	0.136279764519814	2.59371766444937
387684	0.137861347860469	2.57028824833703
389136	0.156049556278007	2.59963045084996
390588	0.146823653457517	2.60362158167036
392040	0.153413584043581	2.60155210643016
393492	0.151041209032598	2.61470805617147
394944	0.156840347948335	2.65787139689579
396396	0.142342500658993	2.63141167775314
397848	0.156049556278007	2.62660753880266
399300	0.135488972849486	2.59334811529933
400752	0.143133292329321	2.56319290465632
402204	0.147878042351287	2.58758314855876
403656	0.147614445127845	2.61027346637103
405108	0.143660486776206	2.58913525498891
406560	0.144187681223091	2.59807834441981
408012	0.141551708988665	2.62121212121212
409464	0.138124945083912	2.5970436067997
410916	0.131271417274405	2.56829268292683
412368	0.151304806256041	2.61322326567707
413820	0.146032861787189	2.61463414634146
415272	0.1491960284685	2.59711751662971
416724	0.145769264563747	2.58026607538803
418176	0.145505667340304	2.57187215995153
419628	0.14207890343555	2.61012564671101
421080	0.142342500658993	2.60620842572062
422532	0.156840347948335	2.56884277491669
423984	0.137597750637027	2.5750184774575
425436	0.142869695105878	2.58957871396896
426888	0.159476320182761	2.62564671101256
428340	0.14207890343555	2.60014781966001
429792	0.160003514629646	2.59610308958236
431244	0.143924083999649	2.58137472283814
432696	0.152622792373254	2.61315594974132
434148	0.14102451454178	2.63784183296378
435600	0.138652139530797	2.61736881005174
437052	0.143396889552763	2.59150036954915
438504	0.132589403391618	2.57716186252772
439956	0.143660486776206	2.57560975609756
441408	0.135488972849486	2.61226903178123
442860	0.143660486776206	2.59320029563932
444312	0.15025041736227	2.59719142645972
445764	0.148932431245058	2.60428677014043
447216	0.152359195149811	2.61315594974132
448668	0.14102451454178	2.5649045743714
450120	0.143660486776206	2.56937291729779
451572	0.153677181267024	2.59889135254989
453024	0.147350847904402	2.6159645232816
454476	0.146296459010632	2.60532150776053
455928	0.149459625691943	2.59985218033998
457380	0.143924083999649	2.56354135110573
458832	0.142342500658993	2.58292682926829
460284	0.150514014585713	2.59430894308943
461736	0.154731570160794	2.61788617886179
463188	0.150514014585713	2.57762799151772
464640	0.151304806256041	2.59541759053954
466092	0.138652139530797	2.58780487804878
467544	0.152095597926369	2.59726533628973
468996	0.163693875757842	2.63377679231338
470448	0.157103945171778	2.62453806356245
471900	0.141288111765223	2.58654841093865
473352	0.142869695105878	2.59608277900961
474804	0.141551708988665	2.59430894308943
476256	0.143133292329321	2.59992609016999
477708	0.144714875669976	2.5990391722099
479160	0.150777611809156	2.61958610495196
480612	0.146823653457517	2.58824833702882
482064	0.135225375626043	2.57213599408721
483516	0.148668834021615	2.61685144124169
484968	0.147350847904402	2.59475240206948
486420	0.135225375626043	2.57220990391722
487872	0.150514014585713	2.61552106430155
489324	0.137334153413584	2.56629711751663
490776	0.145769264563747	2.61256467110126
492228	0.137334153413584	2.56866223207687
493680	0.156049556278007	2.63244641537324
495132	0.154995167384237	2.61662971175166
496584	0.147087250680959	2.59623059866962
498036	0.141815306212108	2.59689578713969
499488	0.149459625691943	2.61869918699187
500940	0.131271417274405	2.56452328159645
502392	0.138124945083912	2.57353832172069
503844	0.153413584043581	2.60266075388027
505296	0.143924083999649	2.57747652226598
506748	0.141288111765223	2.55816419266889
508200	0.138652139530797	2.62276422764228
509652	0.147087250680959	2.59593495934959
511104	0.150514014585713	2.6219512195122
512556	0.134698181179158	2.58314855875831
514008	0.143396889552763	2.57124907612712
515460	0.147087250680959	2.58713968957871
516912	0.148668834021615	2.58520145410482
518364	0.147614445127845	2.59716752499243
519816	0.135488972849486	2.6009608277901
521268	0.13997012564801	2.59859571322986
522720	0.160794306299974	2.6309682187731
524172	0.143660486776206	2.60776053215078
525624	0.13997012564801	2.57257945306726
527076	0.153940778490467	2.61123429416112
528528	0.147350847904402	2.62032520325203
529980	0.160003514629646	2.61744271988174
531432	0.141551708988665	2.58965262379897
532884	0.149459625691943	2.59571322985957
534336	0.152359195149811	2.62749445676275
535788	0.13891573675424	2.62963784183296
537240	0.144714875669976	2.57856614929786
538692	0.155522361831122	2.59955654101996
540144	0.140233722871452	2.6160384331116
541596	0.137334153413584	2.5970436067997
543048	0.142869695105878	2.58950480413895
544500	0.139706528424567	2.60694752402069
545952	0.143396889552763	2.64116777531412
547404	0.152095597926369	2.60864745011086
548856	0.149459625691943	2.60561714708056
550308	0.142606097882436	2.57982261640798
551760	0.147350847904402	2.63429416112343
553212	0.14207890343555	2.5929785661493
554664	0.143924083999649	2.58410938654841
556116	0.147350847904402	2.62830746489283
557568	0.135488972849486	2.61234294161123
559020	0.144978472893419	2.60835181079084
560472	0.150514014585713	2.62579453067258
561924	0.134170986732273	2.56452328159645
563376	0.137597750637027	2.61315594974132
564828	0.161585097970301	2.6359940872136
566280	0.15736754239522	2.59889135254989
567732	0.147087250680959	2.59216555801922
569184	0.141815306212108	2.58492239467849
570636	0.143396889552763	2.61751662971175
572088	0.152622792373254	2.62158167036216
573540	0.143660486776206	2.62209903917221
574992	0.151568403479483	2.58019216555802
576444	0.153149986820139	2.59572856710088
577896	0.135488972849486	2.56651884700665
579348	0.149459625691943	2.61781226903178
580800	0.146560056234074	2.63991130820399
582252	0.151304806256041	2.63244641537324
583704	0.143924083999649	2.60206947524021
585156	0.145505667340304	2.60753880266075
586608	0.149723222915385	2.60014781966001
588060	0.15631315350145	2.61049519586105
589512	0.144714875669976	2.5672523477734
590964	0.148668834021615	2.60753880266075
592416	0.140497320094895	2.57738359201774
593868	0.147350847904402	2.60990391722099
595320	0.141288111765223	2.59194382852919
596772	0.151568403479483	2.66444937176645
598224	0.14207890343555	2.60258684405026
599676	0.153677181267024	2.62971175166297
601128	0.142606097882436	2.61345158906135
602580	0.147614445127845	2.60909090909091
604032	0.153149986820139	2.62335550628234
605484	0.144978472893419	2.59837398373984
606936	0.153940778490467	2.61744271988174
608388	0.151041209032598	2.62682926829268
609840	0.143660486776206	2.58026607538803
611292	0.14207890343555	2.58920916481892
612744	0.148405236798172	2.61552106430155
614196	0.135225375626043	2.60044345898004
615648	0.135225375626043	2.57213599408721
617100	0.160530709076531	2.60251293422025
618552	0.148668834021615	2.62025129342203
620004	0.14207890343555	2.59674796747967
621456	0.149459625691943	2.62742054693274
622908	0.156576750724892	2.59943956376855
624360	0.15025041736227	2.64235033259424
625812	0.144978472893419	2.61766444937177
627264	0.148668834021615	2.59955654101996
628716	0.145242070116861	2.6090169992609
630168	0.140233722871452	2.58573540280857
631620	0.132062208944732	2.57169253510717
633072	0.14207890343555	2.5909830007391
634524	0.151568403479483	2.62010347376201
635976	0.145505667340304	2.62564671101256
637428	0.14102451454178	2.62128603104213
638880	0.13390738950883	2.56777531411678
640332	0.132325806168175	2.54172977885489
641784	0.141551708988665	2.59342202512934
643236	0.138652139530797	2.62076866223208
644688	0.134698181179158	2.55036352620418
646140	0.144187681223091	2.6179600886918
647592	0.151568403479483	2.5990391722099
649044	0.149723222915385	2.64715447154472
650496	0.154731570160794	2.63983739837398
651948	0.153149986820139	2.58103604968191
653400	0.134961778402601	2.56533628972653
654852	0.142342500658993	2.60975609756098
656304	0.149459625691943	2.62496213268706
657756	0.144978472893419	2.60517368810052
659208	0.145242070116861	2.58418329637842
660660	0.147878042351287	2.61685852771887
662112	0.153413584043581	2.63954175905395
663564	0.139442931201125	2.59320029563932
665016	0.138388542307354	2.59095728567101
666468	0.133380195061945	2.57213599408721
667920	0.14207890343555	2.60133037694013
669372	0.141815306212108	2.59586104951959
670824	0.160530709076531	2.61405634656165
672276	0.14814163957473	2.60458240946046
673728	0.138124945083912	2.61352549889135
675180	0.139179333977682	2.55934959349594
676632	0.152622792373254	2.61079083518108
678084	0.1491960284685	2.57427937915743
679536	0.159212722959318	2.6150036954915
680988	0.1491960284685	2.58167036215817
682440	0.144978472893419	2.59748706577975
683892	0.158949125735876	2.61152993348115
685344	0.142606097882436	2.58625277161863
686796	0.1491960284685	2.5789912147834
688248	0.141815306212108	2.59645232815965
689700	0.146032861787189	2.62505543237251
691152	0.149723222915385	2.60635624538064
692604	0.140497320094895	2.62527716186253
694056	0.155785959054565	2.60931263858093
695508	0.142342500658993	2.58987435328899
696960	0.154467972937352	2.65070214338507
698412	0.149986820138828	2.6219512195122
699864	0.147087250680959	2.60369549150037
701316	0.145769264563747	2.59793052475979
702768	0.151568403479483	2.59711751662971
704220	0.153677181267024	2.59430894308943
705672	0.153413584043581	2.60665188470067
707124	0.144714875669976	2.5795213571645
708576	0.1491960284685	2.60524759793052
710028	0.14814163957473	2.60943653438352
711480	0.147614445127845	2.57694637988488
712932	0.143924083999649	2.58130081300813
714384	0.147878042351287	2.61170857315965
715836	0.152095597926369	2.61263858093126
717288	0.145505667340304	2.58425720620843
718740	0.134961778402601	2.58691796008869
720192	0.134961778402601	2.58580931263858
721644	0.154731570160794	2.59481975159043
723096	0.163166681310957	2.61367331855137
724548	0.142342500658993	2.59408721359941
726000	0.14102451454178	2.5819660014782
727452	0.151568403479483	2.57861254165404
728904	0.146296459010632	2.58462675535846
730356	0.140233722871452	2.5830007390983
731808	0.141815306212108	2.60332594235033
733260	0.137861347860469	2.57538802660754
734712	0.146032861787189	2.63806356245381
736164	0.14207890343555	2.60406504065041
737616	0.145505667340304	2.60288248337029
739068	0.152886389596696	2.62874886398061
740520	0.15631315350145	2.63429416112343
741972	0.127053861699323	2.56489283074649
743424	0.134698181179158	2.57021433850702
744876	0.131271417274405	2.59031781226903
746328	0.161848695193744	2.57584226051855
747780	0.136279764519814	2.58832224685883
749232	0.144187681223091	2.55949741315595
750684	0.156576750724892	2.61825572801183
752136	0.144451278446534	2.59209330505907
753588	0.152095597926369	2.57793093002121
755040	0.138388542307354	2.59830007390983
756492	0.147350847904402	2.58041389504804
757944	0.144451278446534	2.60317812269032
759396	0.148932431245058	2.61507760532151
760848	0.140497320094895	2.56119733924612
762300	0.14207890343555	2.63318551367332
763752	0.152359195149811	2.61249076127125
765204	0.155785959054565	2.59118448954862
766656	0.137597750637027	2.57421993335353
768108	0.14814163957473	2.5920177383592
769560	0.13997012564801	2.59970436067997
771012	0.136543361743256	2.57871396895787
772464	0.146032861787189	2.55418413289862
773916	0.149459625691943	2.61027346637103
775368	0.152886389596696	2.60549833383823
776820	0.162112292417187	2.64087213599409
778272	0.146296459010632	2.59963045084996
779724	0.14207890343555	2.60133037694013
781176	0.145505667340304	2.62439024390244
782628	0.148405236798172	2.61714708056171
784080	0.152359195149811	2.59474401696456
785532	0.14102451454178	2.58410938654841
786984	0.158949125735876	2.6220251293422
788436	0.137334153413584	2.58566149297857
789888	0.149459625691943	2.61375340805816
791340	0.158685528512433	2.63488543976349
792792	0.149459625691943	2.62180339985218
794244	0.148932431245058	2.58965262379897
795696	0.147087250680959	2.64345898004435
797148	0.132325806168175	2.5819660014782
798600	0.151304806256041	2.6120473022912
800052	0.150514014585713	2.62623798965262
801504	0.143133292329321	2.59268292682927
802956	0.140497320094895	2.58625277161863
804408	0.14207890343555	2.57974870657797
805860	0.154467972937352	2.58588306573766
807312	0.141815306212108	2.57878787878788
808764	0.152359195149811	2.62328159645233
810216	0.148405236798172	2.60473022912047
811668	0.143660486776206	2.59031781226903
813120	0.149459625691943	2.61840354767184
814572	0.159476320182761	2.64279379157428
816024	0.143133292329321	2.6160384331116
817476	0.134961778402601	2.59105691056911
818928	0.153149986820139	2.6107997576492
820380	0.135225375626043	2.57132298595713
821832	0.142869695105878	2.58773096821877
823284	0.146823653457517	2.59068736141907
824736	0.141551708988665	2.59482631189948
826188	0.141815306212108	2.60813008130081
827640	0.146823653457517	2.59748706577975
829092	0.129689833933749	2.55269770879527
830544	0.151568403479483	2.60916481892092
831996	0.145242070116861	2.59290465631929
833448	0.153149986820139	2.60280857354028
834900	0.13390738950883	2.53589821266283
836352	0.135488972849486	2.57560975609756
837804	0.140233722871452	2.59076127124908
839256	0.136279764519814	2.56036049681915
840708	0.158158334065548	2.63274205469327
842160	0.146823653457517	2.60813008130081
843612	0.148668834021615	2.60650406504065
845064	0.145242070116861	2.60029563932003
846516	0.149459625691943	2.59083518107908
847968	0.152095597926369	2.60080278703423
849420	0.145505667340304	2.59556541019956
850872	0.156576750724892	2.58913525498891
852324	0.147614445127845	2.61271249076127
853776	0.134170986732273	2.55687670402908
855228	0.144714875669976	2.58359201773836
856680	0.159212722959318	2.62305986696231
858132	0.147350847904402	2.5696001211754
859584	0.13074422282752	2.550036954915
861036	0.148405236798172	2.60325203252032
862488	0.136543361743256	2.57538802660754
863940	0.147614445127845	2.62379896526238
865392	0.149723222915385	2.61148136928204
866844	0.144451278446534	2.63244641537324
868296	0.149986820138828	2.60376940133038
869748	0.13997012564801	2.58868524689488
871200	0.140760917318338	2.58847006651885
872652	0.13997012564801	2.55779748706578
874104	0.147878042351287	2.58573540280857
875556	0.149723222915385	2.61005173688101
877008	0.146823653457517	2.5920177383592
878460	0.157631139618663	2.64094604582409
879912	0.159739917406203	2.62845528455285
881364	0.15025041736227	2.63118994826312
882816	0.158949125735876	2.59686458648894
884268	0.13997012564801	2.58780487804878
885720	0.15025041736227	2.59630450849963
887172	0.135752570072929	2.56053215077605
888624	0.14207890343555	2.58255728011826
890076	0.157894736842105	2.60315056043623
891528	0.143133292329321	2.59209330505907
892980	0.142342500658993	2.58425720620843
894432	0.146823653457517	2.60022172949002
895884	0.145242070116861	2.59918699186992
897336	0.146032861787189	2.58141472281127
898788	0.149459625691943	2.5839615668884
900240	0.141551708988665	2.57641623750379
901692	0.131007820050962	2.56356245380636
903144	0.14814163957473	2.61352549889135
904596	0.151304806256041	2.60059127864006
906048	0.147878042351287	2.60768662232077
907500	0.15736754239522	2.60983000739098
908952	0.149723222915385	2.65210643015521
910404	0.144187681223091	2.58462675535846
911856	0.139706528424567	2.58936685852772
913308	0.142869695105878	2.60591278640059
914760	0.145242070116861	2.60162601626016
916212	0.154731570160794	2.63067257945307
917664	0.155258764607679	2.60923872875092
919116	0.14814163957473	2.60029563932003
920568	0.134434583955716	2.57073170731707
922020	0.153940778490467	2.59312638580931
923472	0.129953431157192	2.55407452287186
924924	0.134961778402601	2.59460458240946
926376	0.148932431245058	2.57285671008785
927828	0.130480625604077	2.56990305967888
929280	0.142342500658993	2.61064301552106
930732	0.150514014585713	2.61293422025129
932184	0.145505667340304	2.62527716186253
933636	0.152359195149811	2.6140428677014
935088	0.14814163957473	2.59860648288397
936540	0.141288111765223	2.56732808239927
937992	0.13891573675424	2.56917960088692
939444	0.154731570160794	2.59719142645972
940896	0.144187681223091	2.60384331116038
942348	0.140233722871452	2.60886917960089
943800	0.160267111853088	2.65713229859571
945252	0.144978472893419	2.59534368070953
946704	0.14207890343555	2.61249076127125
948156	0.152095597926369	2.59216555801922
949608	0.15736754239522	2.62549889135255
951060	0.146032861787189	2.61337767923134
952512	0.147350847904402	2.59985218033998
953964	0.146823653457517	2.57767923133777
955416	0.143924083999649	2.62416851441242
956868	0.139442931201125	2.61182557280118
958320	0.146560056234074	2.61936437546194
959772	0.148668834021615	2.57960088691796
961224	0.160267111853088	2.60277907157274
962676	0.139179333977682	2.60583887657058
964128	0.147350847904402	2.58765705838877
965580	0.160003514629646	2.639985218034
967032	0.152622792373254	2.61389504804139
968484	0.143396889552763	2.58854397634885
969936	0.152622792373254	2.63281596452328
971388	0.146296459010632	2.62675535846268
972840	0.137597750637027	2.5830007390983
974292	0.143660486776206	2.60406504065041
975744	0.145769264563747	2.61574279379157
977196	0.13997012564801	2.6039911308204
978648	0.153940778490467	2.63178122690318
980100	0.156049556278007	2.58344419807834
981552	0.14207890343555	2.58514412416851
983004	0.148405236798172	2.58987435328899
984456	0.149459625691943	2.6090169992609
985908	0.153149986820139	2.58580733111178
987360	0.159739917406203	2.6
988812	0.149723222915385	2.62217294900222
990264	0.140760917318338	2.59793052475979
991716	0.136016167296371	2.5761132990003
993168	0.15736754239522	2.63510716925351
994620	0.143396889552763	2.58750923872875
996072	0.140497320094895	2.58928307464893
997524	0.143396889552763	2.64434589800443
998976	0.15025041736227	2.62069475240207
1000428	0.157103945171778	2.59009608277901
1001880	0.147087250680959	2.62557280118256
1003332	0.148405236798172	2.59253296534805
1004784	0.157894736842105	2.64648928307465
1006236	0.144451278446534	2.61419068736142
1007688	0.139706528424567	2.57952697708795
1009140	0.136543361743256	2.57472283813747
1010592	0.145505667340304	2.57915742793792
1012044	0.152359195149811	2.63858093126386
1013496	0.142869695105878	2.61256467110126
1014948	0.14102451454178	2.56733185513673
1016400	0.146823653457517	2.64087213599409
1017852	0.154467972937352	2.60450849963045
1019304	0.14814163957473	2.60820399113082
1020756	0.145242070116861	2.57723577235772
1022208	0.133380195061945	2.57317073170732
1023660	0.141288111765223	2.6110125646711
1025112	0.148932431245058	2.60066518847007
1026564	0.13891573675424	2.56755358462676
1028016	0.1491960284685	2.60214338507021
1029468	0.147878042351287	2.61049519586105
1030920	0.139179333977682	2.58950480413895
1032372	0.146560056234074	2.60027264465314
1033824	0.143396889552763	2.62365114560237
1035276	0.152359195149811	2.62512934220251
1036728	0.151041209032598	2.61093865484109
1038180	0.158685528512433	2.62039911308204
1039632	0.136279764519814	2.580044345898
1041084	0.150777611809156	2.57856614929786
1042536	0.144451278446534	2.57605321507761
1043988	0.151304806256041	2.5980044345898
1045440	0.155522361831122	2.62749445676275
1046892	0.151304806256041	2.61670705846713
1048344	0.138652139530797	2.58521803399852
1049796	0.137861347860469	2.58824833702882
1051248	0.151304806256041	2.60753880266075
1052700	0.13390738950883	2.5869918699187
1054152	0.146823653457517	2.59748706577975
1055604	0.143924083999649	2.61322985957132
1057056	0.146560056234074	2.59275683665928
1058508	0.152622792373254	2.5810051736881
1059960	0.144451278446534	2.53821138211382
1061412	0.141288111765223	2.58906134515891
1062864	0.1491960284685	2.58130081300813
1064316	0.136279764519814	2.61359940872136
1065768	0.153149986820139	2.60044345898004
1067220	0.152622792373254	2.61626016260163
1068672	0.139706528424567	2.5849963045085
1070124	0.143133292329321	2.57967282641624
1071576	0.143924083999649	2.57687064525901
1073028	0.148668834021615	2.55922993324018
1074480	0.135225375626043	2.58344419807834
1075932	0.148405236798172	2.61892091648189
1077384	0.154204375713909	2.61458648894274
1078836	0.137334153413584	2.60620842572062
1080288	0.150514014585713	2.6229859571323
1081740	0.144978472893419	2.63045084996305
1083192	0.140497320094895	2.57232656770676
1084644	0.147878042351287	2.61293422025129
1086096	0.134170986732273	2.60258684405026
1087548	0.148405236798172	2.61611234294161
1089000	0.13891573675424	2.61847745750185
1090452	0.148405236798172	2.609977827051
1091904	0.142869695105878	2.58980044345898
1093356	0.143396889552763	2.58152254249815
1094808	0.162112292417187	2.62712490761271
1096260	0.14102451454178	2.62542498152254
1097712	0.143660486776206	2.58174427198817
1099164	0.141815306212108	2.61458648894274
1100616	0.138652139530797	2.60805617147081
1102068	0.146032861787189	2.56066343532263
1103520	0.14207890343555	2.59933481152993
1104972	0.126790264475881	2.55410199556541
1106424	0.154731570160794	2.64881853983641
1107876	0.140497320094895	2.5940133037694
1109328	0.138388542307354	2.57184035476718
1110780	0.139706528424567	2.60968218773097
1112232	0.136016167296371	2.55373244641537
1113684	0.13891573675424	2.58883961566888
1115136	0.160003514629646	2.66407982261641
1116588	0.143133292329321	2.59186991869919
1118040	0.13891573675424	2.58913525498891
1119492	0.145505667340304	2.59992609016999
1120944	0.157894736842105	2.60421084519842
1122396	0.154467972937352	2.57960088691796
1123848	0.140760917318338	2.58144863266814
1125300	0.15025041736227	2.56666666666667
1126752	0.147878042351287	2.58507021433851
1128204	0.155522361831122	2.63458980044346
1129656	0.142606097882436	2.59807834441981
1131108	0.141551708988665	2.61426459719143
1132560	0.15025041736227	2.6140428677014
1134012	0.142606097882436	2.59519586104952
1135464	0.138388542307354	2.57558315661921
1136916	0.153677181267024	2.66629711751663
1138368	0.13997012564801	2.59586104951959
1139820	0.150777611809156	2.5961829748561
1141272	0.139442931201125	2.61212121212121
1142724	0.155522361831122	2.58292941532869
1144176	0.141288111765223	2.59466828233869
1145628	0.153413584043581	2.62557280118256
1147080	0.154995167384237	2.6240206947524
1148532	0.146296459010632	2.5771735837625
1149984	0.152095597926369	2.58972653362897
1151436	0.143133292329321	2.62705099778271
1152888	0.145242070116861	2.6030303030303
1154340	0.153677181267024	2.60133292941533
1155792	0.140760917318338	2.58669623059867
1157244	0.151568403479483	2.58307464892831
1158696	0.15025041736227	2.65188470066519
1160148	0.143924083999649	2.61271249076127
1161600	0.142606097882436	2.58736141906874
1163052	0.136016167296371	2.60421286031042
1164504	0.145505667340304	2.59593495934959
1165956	0.154467972937352	2.61093865484109
1167408	0.154204375713909	2.59652623798965
1168860	0.13891573675424	2.62424242424242
1170312	0.1491960284685	2.63577235772358
1171764	0.143396889552763	2.57553584626755
1173216	0.136806958966699	2.58750923872875
1174668	0.143924083999649	2.55868440502587
1176120	0.149459625691943	2.58869179600887
1177572	0.148932431245058	2.58706577974871
1179024	0.134170986732273	2.54944567627494
1180476	0.13891573675424	2.60339985218034
1181928	0.147614445127845	2.64331116038433
1183380	0.150514014585713	2.58558758314856
1184832	0.155785959054565	2.64449371766445
1186284	0.144187681223091	2.58647450110865
1187736	0.147350847904402	2.60487804878049
1189188	0.152886389596696	2.62860310421286
1190640	0.137597750637027	2.58240946045824
1192092	0.139442931201125	2.59246119733925
1193544	0.153677181267024	2.59793052475979
1194996	0.145769264563747	2.60990391722099
1196448	0.141815306212108	2.57583148558758
1197900	0.150514014585713	2.60347376201035
1199352	0.138652139530797	2.58529194382853
1200804	0.136806958966699	2.58240946045824
1202256	0.146296459010632	2.59120473022912
1203708	0.151832000702926	2.62350332594235
1205160	0.140760917318338	2.59046563192905
1206612	0.144714875669976	2.58713968957871
1208064	0.132589403391618	2.57124907612712
1209516	0.143133292329321	2.55596788851863
1210968	0.145505667340304	2.59785661492979
1212420	0.126790264475881	2.59135254988914
1213872	0.148668834021615	2.60879526977088
1215324	0.148405236798172	2.61818181818182
1216776	0.147087250680959	2.60229120473023
1218228	0.163430278534399	2.60989094213875
1219680	0.138124945083912	2.62505543237251
1221132	0.146032861787189	2.60916481892092
1222584	0.141815306212108	2.59534368070953
1224036	0.143396889552763	2.58414116934262
1225488	0.145505667340304	2.61093865484109
1226940	0.152886389596696	2.63052475979305
1228392	0.154467972937352	2.63429416112343
1229844	0.146560056234074	2.56082779009608
1231296	0.147614445127845	2.58226164079823
1232748	0.146296459010632	2.6260162601626
1234200	0.140497320094895	2.56611632838534
1235652	0.146823653457517	2.57989652623799
1237104	0.141288111765223	2.59223946784922
1238556	0.14207890343555	2.57132298595713
1240008	0.159476320182761	2.63458980044346
1241460	0.143396889552763	2.58913965465011
1242912	0.144978472893419	2.60465631929047
1244364	0.137597750637027	2.57553584626755
1245816	0.143396889552763	2.59852180339985
1247268	0.144451278446534	2.5960088691796
1248720	0.163430278534399	2.65306725794531
1250172	0.154995167384237	2.60827790096083
1251624	0.142342500658993	2.5689578713969
1253076	0.146296459010632	2.58972653362897
1254528	0.139179333977682	2.60436067997044
1255980	0.15025041736227	2.60266075388027
1257432	0.144978472893419	2.66807095343681
1258884	0.148932431245058	2.60436067997044
1260336	0.143133292329321	2.60783444198078
1261788	0.134698181179158	2.58285291943829
1263240	0.155258764607679	2.61138211382114
1264692	0.140497320094895	2.54913833255706
1266144	0.135225375626043	2.60110864745011
1267596	0.14814163957473	2.58847006651885
1269048	0.151304806256041	2.60332594235033
1270500	0.153413584043581	2.63643754619364
1271952	0.131535014497847	2.59940872135994
1273404	0.144187681223091	2.60827790096083
1274856	0.152359195149811	2.58595880036353
1276308	0.144187681223091	2.57841832963784
1277760	0.145769264563747	2.57243163340724
1279212	0.133643792285388	2.60339985218034
1280664	0.146032861787189	2.60546932742055
1282116	0.13891573675424	2.58869179600887
1283568	0.134961778402601	2.62313377679231
1285020	0.146560056234074	2.59453067257945
1286472	0.155258764607679	2.64345898004435
1287924	0.14207890343555	2.59127864005913
1289376	0.147878042351287	2.58891352549889
1290828	0.147087250680959	2.58566149297857
1292280	0.141551708988665	2.60731707317073
1293732	0.145769264563747	2.59009608277901
1295184	0.140233722871452	2.61241685144124
1296636	0.143924083999649	2.6369549150037
1298088	0.140233722871452	2.59216555801922
1299540	0.145505667340304	2.56954915003695
1300992	0.142869695105878	2.58470066518847
1302444	0.136016167296371	2.57450110864745
1303896	0.14207890343555	2.57293244471372
1305348	0.146032861787189	2.62439024390244
1306800	0.15025041736227	2.59216903968494
1308252	0.161585097970301	2.6107997576492
1309704	0.14814163957473	2.5961829748561
1311156	0.143924083999649	2.60169992609017
1312608	0.160003514629646	2.630007390983
1314060	0.151041209032598	2.61781226903178
1315512	0.161848695193744	2.62261435928507
1316964	0.143396889552763	2.60872135994087
1318416	0.150514014585713	2.63784183296378
1319868	0.1491960284685	2.59748706577975
1321320	0.142342500658993	2.59645232815965
1322772	0.144187681223091	2.59578713968958
1324224	0.144187681223091	2.56474501108647
1325676	0.137334153413584	2.57147080561715
1327128	0.140760917318338	2.59874353288987
1328580	0.154995167384237	2.62749445676275
1330032	0.148932431245058	2.59260901699926
1331484	0.148405236798172	2.62135994087214
1332936	0.13997012564801	2.5920177383592
1334388	0.13390738950883	2.59490022172949
1335840	0.138652139530797	2.57627494456763
1337292	0.139442931201125	2.59955654101996
1338744	0.152886389596696	2.62135994087214
1340196	0.143133292329321	2.55013632232657
1341648	0.151041209032598	2.58277900960828
1343100	0.159476320182761	2.62971175166297
1344552	0.14207890343555	2.5849963045085
1346004	0.143133292329321	2.61707317073171
1347456	0.147087250680959	2.61359940872136
1348908	0.15631315350145	2.63252032520325
1350360	0.152886389596696	2.59866962305987
1351812	0.154731570160794	2.62623798965262
1353264	0.138388542307354	2.61234294161123
1354716	0.149723222915385	2.61064828839746
1356168	0.149986820138828	2.60746489283075
1357620	0.141815306212108	2.58447893569845
1359072	0.149459625691943	2.62239467849224
1360524	0.137597750637027	2.58477457501848
1361976	0.147614445127845	2.58093126385809
1363428	0.154995167384237	2.5701302635565
1364880	0.157103945171778	2.59342202512934
1366332	0.13390738950883	2.60938654841094
1367784	0.155785959054565	2.62483370288248
1369236	0.156049556278007	2.64434589800443
1370688	0.154467972937352	2.61832963784183
1372140	0.159476320182761	2.58611026961527
1373592	0.134698181179158	2.58566149297857
1375044	0.145769264563747	2.60384331116038
1376496	0.147350847904402	2.64065040650407
1377948	0.146560056234074	2.57156922144805
1379400	0.134434583955716	2.59770879526977
1380852	0.141551708988665	2.60317812269032
1382304	0.146560056234074	2.59172209903917
1383756	0.127844653369651	2.57937915742794
1385208	0.15025041736227	2.6189948263119
1386660	0.142342500658993	2.56644493717664
1388112	0.152095597926369	2.61914264597191
1389564	0.147614445127845	2.59519586104952
1391016	0.142606097882436	2.60754316873675
1392468	0.141288111765223	2.58860951226901
1393920	0.14102451454178	2.58632668144863
1395372	0.143133292329321	2.61966001478197
1396824	0.139442931201125	2.61182557280118
1398276	0.149986820138828	2.60458240946046
1399728	0.151304806256041	2.60583887657058
1401180	0.143924083999649	2.5819660014782
1402632	0.140233722871452	2.57399272947592
1404084	0.14814163957473	2.61966001478197
1405536	0.151041209032598	2.64892830746489
1406988	0.141288111765223	2.5659648591336
1408440	0.140233722871452	2.5989652623799
1409892	0.148405236798172	2.5907300817934
1411344	0.143396889552763	2.58011825572801
1412796	0.134170986732273	2.57317073170732
1414248	0.146032861787189	2.569992609017
1415700	0.144978472893419	2.60147819660015
1417152	0.154731570160794	2.65040650406504
1418604	0.152886389596696	2.62852919438285
1420056	0.147614445127845	2.61286031042129
1421508	0.144187681223091	2.59113082039911
1422960	0.144187681223091	2.60266075388027
1424412	0.136806958966699	2.54693274205469
1425864	0.136279764519814	2.55691056910569
1427316	0.140760917318338	2.58987435328899
1428768	0.151304806256041	2.60640714934868
1430220	0.141288111765223	2.60273466371027
1431672	0.151304806256041	2.57442719881744
1433124	0.154467972937352	2.63458980044346
1434576	0.160530709076531	2.66171470805617
1436028	0.140497320094895	2.58832224685883
1437480	0.12362709779457	2.59172209903917
1438932	0.154995167384237	2.62623798965262
1440384	0.140497320094895	2.5840354767184
1441836	0.146823653457517	2.60569105691057
1443288	0.149986820138828	2.63185513673319
1444740	0.15025041736227	2.59312638580931
1446192	0.152886389596696	2.62246858832225
1447644	0.152359195149811	2.62320768662232
1449096	0.137597750637027	2.58085735402809
1450548	0.152359195149811	2.58920916481892
1452000	0.144714875669976	2.57442719881744
1453452	0.135225375626043	2.59911308203991
1454904	0.149723222915385	2.58754922750682
1456356	0.147350847904402	2.58997273553469
1457808	0.14207890343555	2.5849963045085
1459260	0.161848695193744	2.62690317812269
1460712	0.15025041736227	2.62076866223208
1462164	0.14207890343555	2.57841832963784
1463616	0.155785959054565	2.66319290465632
1465068	0.141551708988665	2.57908351810791
