m	mean_deg	C	n_lcc	diameter
1	1.0	0.0	2	1
2	1.0	0.0	2	1
3	1.0	0.0	2	1
4	1.0	0.0	2	1
5	1.0	0.0	2	1
6	1.0909090909090908	0.0	3	2
7	1.2727272727272727	0.0	4	3
8	1.4545454545454546	0.5	4	2
9	1.5	0.375	5	3
10	1.6666666666666667	0.6	5	3
11	1.8333333333333333	0.6428571428571429	5	2
12	1.8461538461538463	0.6	5	2
13	1.7333333333333334	0.6	5	2
14	1.6470588235294117	0.6	5	2
15	1.5789473684210527	0.6	5	2
16	1.6	0.5294117647058824	5	2
17	1.619047619047619	0.5	5	2
18	1.7142857142857142	0.6	5	2
19	1.7272727272727273	0.5217391304347826	6	3
20	1.8181818181818181	0.5357142857142857	6	2
21	1.826086956521739	0.5172413793103449	6	2
22	1.8333333333333333	0.5	6	2
23	1.7692307692307692	0.5	6	2
24	1.8461538461538463	0.5454545454545454	6	2
25	1.8518518518518519	0.5142857142857142	6	2
26	1.9259259259259258	0.5384615384615384	6	2
27	1.9285714285714286	0.5121951219512195	7	3
28	2.0	0.5106382978723404	7	2
29	2.0714285714285716	0.5294117647058824	7	2
30	2.0	0.5294117647058824	7	2
31	2.0	0.5192307692307693	7	2
32	2.064516129032258	0.5892857142857143	7	2
33	2.129032258064516	0.639344262295082	7	2
34	2.193548387096774	0.65625	7	2
35	2.2580645161290325	0.6617647058823529	7	2
36	2.3225806451612905	0.6857142857142857	7	2
37	2.242424242424242	0.6857142857142857	7	2
38	2.235294117647059	0.676056338028169	7	2
39	2.2285714285714286	0.6666666666666666	7	2
40	2.2857142857142856	0.6710526315789473	7	2
41	2.342857142857143	0.6951219512195121	7	2
42	2.3333333333333335	0.6785714285714286	7	2
43	2.324324324324324	0.6705882352941176	7	2
44	2.3783783783783785	0.6923076923076923	7	2
45	2.3684210526315788	0.6494845360824743	8	2
46	2.358974358974359	0.63	8	2
47	2.41025641025641	0.6407766990291263	8	2
48	2.4	0.6	9	2
49	2.3902439024390243	0.5945945945945946	9	2
50	2.380952380952381	0.5892857142857143	9	2
51	2.4285714285714284	0.6101694915254238	9	2
52	2.4761904761904763	0.624	9	2
53	2.409090909090909	0.624	9	2
54	2.4545454545454546	0.6590909090909091	9	2
55	2.391304347826087	0.6590909090909091	9	2
56	2.4347826086956523	0.6906474820143885	9	2
57	2.4782608695652173	0.7297297297297297	9	2
58	2.4166666666666665	0.7297297297297297	9	2
59	2.4081632653061225	0.7152317880794702	9	2
60	2.4	0.7105263157894737	9	2
61	2.392156862745098	0.6835443037974683	10	3
62	2.4313725490196076	0.7134146341463414	10	3
63	2.4705882352941178	0.6936416184971098	10	2
64	2.4150943396226414	0.6936416184971098	10	2
65	2.452830188679245	0.6871508379888268	10	2
66	2.490566037735849	0.6961325966850829	10	2
67	2.5283018867924527	0.7021276595744681	10	2
68	2.5660377358490565	0.7150259067357513	10	2
69	2.6037735849056602	0.7277227722772277	10	2
70	2.641509433962264	0.7352941176470589	10	2
71	2.6792452830188678	0.7391304347826086	10	2
72	2.7169811320754715	0.75	10	2
73	2.7547169811320753	0.75	10	2
74	2.792452830188679	0.7695652173913043	10	2
75	2.830188679245283	0.7758620689655172	10	2
76	2.8679245283018866	0.759493670886076	10	2
77	2.9056603773584904	0.7468879668049793	10	2
78	2.943396226415094	0.75	10	2
79	2.925925925925926	0.7379032258064516	10	2
80	2.962962962962963	0.7380952380952381	10	2
81	2.9454545454545453	0.7351778656126482	10	2
82	2.981818181818182	0.75	10	2
83	3.018181818181818	0.7773722627737226	10	2
84	3.0	0.7717391304347826	11	3
85	2.982456140350877	0.7689530685920578	11	3
86	2.9655172413793105	0.7447552447552448	12	3
87	2.9491525423728815	0.7395833333333334	12	3
88	2.983050847457627	0.7448979591836735	12	3
89	2.966666666666667	0.7373737373737373	12	3
90	3.0	0.7450331125827815	12	3
91	3.033333333333333	0.7377049180327869	12	3
92	3.066666666666667	0.75	12	3
93	3.1	0.7523809523809524	12	3
94	3.1333333333333333	0.7730061349693251	12	3
95	3.064516129032258	0.7730061349693251	12	3
96	3.0476190476190474	0.7613293051359517	12	3
97	3.0793650793650795	0.7633136094674556	12	3
98	3.111111111111111	0.7676470588235295	12	3
99	3.142857142857143	0.7586206896551724	12	3
100	3.1746031746031744	0.75	12	3
101	3.2063492063492065	0.7744565217391305	12	3
102	3.238095238095238	0.768	12	3
103	3.2698412698412698	0.7734375	12	3
104	3.3015873015873014	0.7712082262210797	12	3
105	3.3333333333333335	0.7746835443037975	12	3
106	3.365079365079365	0.7630922693266833	12	3
107	3.34375	0.7593052109181141	12	3
108	3.3230769230769233	0.7536945812807881	12	3
109	3.303030303030303	0.7481662591687042	13	5
110	3.3333333333333335	0.7481840193704601	13	5
111	3.3636363636363638	0.7464454976303317	13	5
112	3.393939393939394	0.7413394919168591	13	5
113	3.373134328358209	0.7379310344827587	13	4
114	3.4029850746268657	0.7278911564625851	13	4
115	3.3333333333333335	0.7278911564625851	13	4
116	3.36231884057971	0.7317073170731707	13	4
117	3.391304347826087	0.7352297592997812	13	4
118	3.420289855072464	0.7307692307692307	13	4
119	3.449275362318841	0.732776617954071	13	4
120	3.4782608695652173	0.7163265306122449	13	3
121	3.5072463768115942	0.7243460764587525	13	3
122	3.536231884057971	0.7233201581027668	13	3
123	3.5142857142857142	0.7162426614481409	14	5
124	3.5428571428571427	0.7068965517241379	14	5
125	3.5714285714285716	0.7085714285714285	14	5
126	3.5	0.7085714285714285	14	5
127	3.5277777777777777	0.6983240223463687	14	5
128	3.5555555555555554	0.7032967032967034	14	5
129	3.5342465753424657	0.6943942133815552	15	5
130	3.5616438356164384	0.6927175843694494	15	5
131	3.589041095890411	0.6971830985915493	15	5
132	3.6164383561643834	0.6903114186851211	15	5
133	3.643835616438356	0.6942567567567568	15	5
134	3.671232876712329	0.6923076923076923	15	5
135	3.6986301369863015	0.6926910299003323	15	5
136	3.7260273972602738	0.6869851729818781	15	5
137	3.7534246575342465	0.6833602584814217	15	5
138	3.780821917808219	0.6842105263157895	15	5
139	3.808219178082192	0.6850393700787402	15	5
140	3.835616438356164	0.6780185758513931	15	5
141	3.863013698630137	0.6834862385321101	15	5
142	3.8904109589041096	0.6891891891891891	15	5
143	3.9178082191780823	0.685459940652819	15	4
144	3.9452054794520546	0.6909620991253644	15	4
145	3.9726027397260273	0.6869565217391305	15	4
146	4.0	0.688034188034188	15	4
147	3.972972972972973	0.6831683168316832	15	4
148	3.9466666666666668	0.6822033898305084	15	4
149	3.8701298701298703	0.6822033898305084	15	4
150	3.896103896103896	0.6897506925207756	15	4
151	3.9220779220779223	0.6945205479452055	15	4
152	3.948051948051948	0.6910569105691057	15	4
153	3.9740259740259742	0.7021276595744681	15	4
154	4.0	0.7058823529411765	15	4
155	4.025974025974026	0.6997422680412371	15	4
156	4.0519480519480515	0.6934865900383141	16	4
157	3.9746835443037973	0.6934865900383141	16	4
158	4.0	0.7001254705144291	16	4
159	4.025316455696203	0.6951672862453532	16	4
160	4.050632911392405	0.6911764705882353	16	4
161	4.075949367088608	0.6884057971014492	16	4
162	4.10126582278481	0.6934131736526946	16	4
163	4.1265822784810124	0.6977567886658795	16	4
164	4.151898734177215	0.6984866123399301	16	4
165	4.177215189873418	0.6979166666666666	16	4
166	4.098765432098766	0.6979166666666666	16	4
167	4.1234567901234565	0.698394495412844	16	4
168	4.148148148148148	0.6980703745743473	16	4
169	4.172839506172839	0.7027027027027027	16	4
170	4.197530864197531	0.70509977827051	16	4
171	4.222222222222222	0.7131952017448201	16	4
172	4.246913580246914	0.7125813449023861	16	4
173	4.271604938271605	0.7090909090909091	16	4
174	4.296296296296297	0.7175974710221286	16	4
175	4.320987654320987	0.7226277372262774	16	4
176	4.2926829268292686	0.721875	16	4
177	4.317073170731708	0.7223360655737705	16	4
178	4.341463414634147	0.7219413549039434	16	4
179	4.365853658536586	0.7237237237237237	16	4
180	4.285714285714286	0.7237237237237237	16	4
181	4.209302325581396	0.7237237237237237	16	4
182	4.232558139534884	0.727810650887574	16	4
183	4.255813953488372	0.7280701754385965	16	4
184	4.27906976744186	0.7269230769230769	16	4
185	4.3023255813953485	0.7364928909952607	16	4
186	4.325581395348837	0.7338331771321462	16	4
187	4.348837209302325	0.7347504621072088	16	4
188	4.32183908045977	0.7306985294117647	16	4
189	4.344827586206897	0.7315068493150685	16	4
190	4.367816091954023	0.730909090909091	16	4
191	4.390804597701149	0.7317073170731707	16	4
192	4.413793103448276	0.7346393588601959	16	4
193	4.436781609195402	0.7335092348284961	16	4
194	4.359550561797753	0.7335092348284961	16	4
195	4.382022471910112	0.7336244541484717	16	4
196	4.404494382022472	0.7305025996533796	16	4
197	4.426966292134831	0.7288280581693756	16	4
198	4.449438202247191	0.7322033898305085	16	4
199	4.4222222222222225	0.7248322147651006	16	4
200	4.3478260869565215	0.7248322147651006	16	4
201	4.369565217391305	0.7256857855361596	16	4
202	4.391304347826087	0.729064039408867	16	4
203	4.413043478260869	0.7336032388663968	16	4
204	4.434782608695652	0.7380191693290735	16	4
205	4.456521739130435	0.7381329113924051	16	4
206	4.478260869565218	0.7447306791569087	16	4
207	4.5	0.7430340557275542	16	4
208	4.521739130434782	0.7430769230769231	16	4
209	4.543478260869565	0.743140243902439	16	4
210	4.565217391304348	0.7386706948640483	16	4
211	4.586956521739131	0.7393577296489918	16	4
212	4.608695652173913	0.7404921700223713	16	4
213	4.630434782608695	0.7444608567208272	16	4
214	4.6521739130434785	0.7477941176470588	16	4
215	4.623655913978495	0.7472446730345335	16	4
216	4.645161290322581	0.7472766884531591	16	4
217	4.666666666666667	0.7489177489177489	16	4
218	4.688172043010753	0.7516059957173448	16	4
219	4.709677419354839	0.7510638297872341	16	4
220	4.680851063829787	0.7468265162200282	16	4
221	4.652631578947369	0.7426367461430575	16	4
222	4.625	0.7421163279607569	16	4
223	4.645833333333333	0.7447844228094576	16	4
224	4.618556701030927	0.744266851980542	16	4
225	4.545454545454546	0.744266851980542	16	4
226	4.52	0.7386206896551725	16	4
227	4.54	0.7371310912834592	16	4
228	4.514851485148514	0.7306122448979592	16	4
229	4.490196078431373	0.7296195652173914	16	4
230	4.466019417475728	0.7291242362525459	16	4
231	4.4423076923076925	0.7281355932203389	16	4
232	4.461538461538462	0.7267833109017496	16	4
233	4.480769230769231	0.7300531914893617	16	4
234	4.5	0.7302110817941952	16	4
235	4.433962264150943	0.7302110817941952	16	4
236	4.452830188679245	0.7348534201954398	16	4
237	4.471698113207547	0.7315653298835705	16	4
238	4.490566037735849	0.7303010890454836	16	4
239	4.509433962264151	0.7333333333333333	16	4
240	4.528301886792453	0.7315689981096408	16	4
241	4.547169811320755	0.7275	16	4
242	4.5233644859813085	0.7252336448598131	16	4
243	4.542056074766355	0.7261978842563783	16	4
244	4.5607476635514015	0.725925925925926	16	4
245	4.579439252336448	0.7242647058823529	16	4
246	4.598130841121495	0.7226941747572816	16	4
247	4.616822429906542	0.7256902761104442	16	4
248	4.592592592592593	0.7196428571428571	17	3
249	4.611111111111111	0.723404255319149	17	3
250	4.62962962962963	0.7209165687426558	17	3
251	4.648148148148148	0.7255813953488373	17	3
252	4.623853211009174	0.7234782608695652	17	3
253	4.558558558558558	0.7234782608695652	17	3
254	4.576576576576577	0.7237219988512349	17	3
255	4.594594594594595	0.7221269296740995	17	3
256	4.612612612612613	0.7261363636363637	17	3
257	4.63063063063063	0.7241962774957699	17	3
258	4.648648648648648	0.7201346045989905	19	4
259	4.666666666666667	0.72	19	4
260	4.684684684684685	0.7194046306504961	19	4
261	4.702702702702703	0.7207899067471202	19	4
262	4.678571428571429	0.7203947368421053	19	4
263	4.696428571428571	0.7267789244975557	19	4
264	4.714285714285714	0.7322580645161291	19	4
265	4.732142857142857	0.7344	19	4
266	4.75	0.7285714285714285	34	6
267	4.767857142857143	0.7274644175013179	34	6
268	4.785714285714286	0.7252747252747253	34	6
269	4.803571428571429	0.7241379310344828	34	6
270	4.821428571428571	0.7274611398963731	34	6
271	4.839285714285714	0.7280205655526992	34	6
272	4.771929824561403	0.7280205655526992	34	6
273	4.7894736842105265	0.7269938650306749	34	6
274	4.807017543859649	0.7290289781392985	34	6
275	4.824561403508772	0.7257575757575757	34	6
276	4.842105263157895	0.7270906359539309	34	6
277	4.859649122807017	0.727589641434263	34	6
278	4.87719298245614	0.7303703703703703	34	6
279	4.894736842105263	0.73568281938326	34	6
280	4.912280701754386	0.7361516034985423	34	6
281	4.9298245614035086	0.7348119575699132	34	6
282	4.904347826086957	0.7309352517985611	34	6
283	4.921739130434783	0.7303851640513552	34	6
284	4.939130434782609	0.7330188679245283	34	6
285	4.956521739130435	0.7345505617977528	34	6
286	4.973913043478261	0.7318773234200744	34	6
287	4.991304347826087	0.7261410788381742	34	6
288	5.008695652173913	0.7307692307692307	34	6
289	5.026086956521739	0.7315741583257507	34	6
290	5.043478260869565	0.7289592760180995	34	6
291	5.060869565217391	0.731477323753929	34	6
292	5.078260869565217	0.7302719572001783	34	6
293	5.051724137931035	0.7299465240641712	34	6
294	5.068965517241379	0.73342175066313	34	6
295	5.0	0.73342175066313	34	6
296	5.016949152542373	0.734182776801406	34	6
297	5.033898305084746	0.7313563017880506	34	6
298	5.0508474576271185	0.7308524448290783	34	6
299	5.067796610169491	0.7305699481865285	34	6
300	5.084745762711864	0.7291041577368196	34	6
301	5.101694915254237	0.7308673469387755	34	6
302	5.11864406779661	0.7316455696202532	34	6
303	5.135593220338983	0.7349246231155779	34	6
304	5.1525423728813555	0.729460580912863	34	6
305	5.169491525423729	0.727085053674649	34	5
306	5.186440677966102	0.7274226804123711	34	5
307	5.203389830508475	0.7297297297297297	34	5
308	5.220338983050848	0.7286063569682152	34	5
309	5.237288135593221	0.7271619975639464	34	5
310	5.254237288135593	0.7260606060606061	34	5
311	5.271186440677966	0.7298597194388777	34	5
312	5.288135593220339	0.7311827956989247	34	5
313	5.260504201680672	0.7279936558287073	35	5
314	5.277310924369748	0.7248718959400867	35	5
315	5.294117647058823	0.7223962411902898	35	5
316	5.310924369747899	0.7240575204041975	35	5
317	5.3277310924369745	0.7259373792037108	35	5
318	5.34453781512605	0.7246543778801844	35	5
319	5.361344537815126	0.7236238532110092	35	5
320	5.378151260504202	0.7239404352806414	35	5
321	5.394957983193278	0.7249620637329287	35	5
322	5.411764705882353	0.7233962264150944	35	5
323	5.428571428571429	0.7230134932533733	35	5
324	5.445378151260504	0.7251766455931573	35	5
325	5.46218487394958	0.7249443207126949	35	5
326	5.3884297520661155	0.7249443207126949	35	5
327	5.404958677685951	0.7241379310344828	37	6
328	5.421487603305785	0.7239852398523985	37	6
329	5.43801652892562	0.7263736263736263	37	6
330	5.454545454545454	0.7229705132872224	37	6
331	5.471074380165289	0.7230098146128681	37	6
332	5.487603305785124	0.720173535791757	37	6
333	5.414634146341464	0.720173535791757	37	6
334	5.430894308943089	0.7207792207792207	37	6
335	5.4471544715447155	0.7244715155858116	37	6
336	5.463414634146342	0.7254273504273504	37	6
337	5.479674796747967	0.7219477769936485	37	6
338	5.495934959349594	0.719034289713086	37	6
339	5.512195121951219	0.7174139728884255	37	6
340	5.528455284552845	0.7204968944099379	37	6
341	5.544715447154472	0.7195037904893177	39	6
342	5.560975609756097	0.7163412127440905	39	6
343	5.5772357723577235	0.7150153217568948	39	6
344	5.59349593495935	0.7167062012876991	39	6
345	5.609756097560975	0.7184237116874368	39	6
346	5.626016260162602	0.7143335565974548	39	6
347	5.642276422764228	0.7173262387761888	39	6
348	5.658536585365853	0.7181274900398407	39	6
349	5.67479674796748	0.7137216189536032	39	6
350	5.691056910569106	0.7131630648330058	39	6
351	5.7073170731707314	0.7129780974174567	39	6
352	5.723577235772358	0.7122442351412797	39	6
353	5.739837398373984	0.7120622568093385	39	6
354	5.7560975609756095	0.708950418544752	39	6
355	5.68	0.708950418544752	39	6
356	5.696	0.710172744721689	39	6
357	5.712	0.7120585427935094	39	6
358	5.728	0.7115749525616698	39	6
359	5.744	0.710824417872876	39	6
360	5.76	0.7115143929912391	39	6
361	5.776	0.7100591715976331	39	6
362	5.792	0.7107463611025086	39	6
363	5.808	0.7087050138418948	39	6
364	5.824	0.7064220183486238	39	6
365	5.7936507936507935	0.7062060531947417	39	6
366	5.809523809523809	0.7082953509571559	39	6
367	5.7795275590551185	0.7080801944106926	39	6
368	5.7952755905511815	0.7094533373603141	39	6
369	5.811023622047244	0.7096483318304779	39	6
370	5.826771653543307	0.7084705178090392	39	6
371	5.84251968503937	0.707825052067837	39	6
372	5.767441860465116	0.707825052067837	39	6
373	5.7384615384615385	0.707614515169542	39	6
374	5.753846153846154	0.709849157054126	39	6
375	5.769230769230769	0.7081128747795414	39	6
376	5.7846153846153845	0.7099035933391762	39	6
377	5.755725190839694	0.709696261682243	39	6
378	5.770992366412214	0.7102966841186736	39	6
379	5.786259541984733	0.7079722703639515	39	6
380	5.801526717557252	0.7079136690647482	39	6
381	5.816793893129771	0.7064377682403433	39	6
382	5.8320610687022905	0.7096498719043552	39	6
383	5.847328244274809	0.7113752122241087	39	6
384	5.818181818181818	0.708169014084507	39	6
385	5.833333333333333	0.7107252870344442	39	6
386	5.848484848484849	0.714086859688196	39	6
387	5.863636363636363	0.7145636464702613	39	6
388	5.878787878787879	0.714325221238938	39	6
389	5.893939393939394	0.7151933701657458	39	6
390	5.909090909090909	0.7167630057803468	39	6
391	5.835820895522388	0.7167630057803468	39	6
392	5.850746268656716	0.71600218459858	39	6
393	5.865671641791045	0.7161500815660685	39	6
394	5.794117647058823	0.7161500815660685	39	6
395	5.8088235294117645	0.714710654407788	39	6
396	5.823529411764706	0.7167070217917676	39	6
397	5.838235294117647	0.7183324425440941	39	5
398	5.852941176470588	0.7162270183852918	39	5
399	5.867647058823529	0.7143993635640413	39	5
400	5.882352941176471	0.7135691657866948	39	5
401	5.897058823529412	0.7121848739495799	39	5
402	5.911764705882353	0.711186617877679	39	5
403	5.926470588235294	0.7115987460815048	39	5
404	5.9411764705882355	0.7141744548286605	39	5
405	5.912408759124087	0.7121408231944085	40	5
406	5.927007299270073	0.7134382254320351	40	5
407	5.856115107913669	0.7134382254320351	40	5
408	5.870503597122302	0.7112531969309462	40	5
409	5.884892086330935	0.712395011453296	40	5
410	5.899280575539568	0.7125475285171102	40	5
411	5.913669064748201	0.7123771111671288	40	5
412	5.928057553956834	0.711456505389822	40	5
413	5.942446043165468	0.7113169754631948	40	5
414	5.956834532374101	0.7119279819954989	40	5
415	5.928571428571429	0.7115721069732567	40	5
416	5.942857142857143	0.7108614232209738	40	5
417	5.957142857142857	0.7099577849515769	40	5
418	5.9714285714285715	0.7082306554953179	40	5
419	5.985714285714286	0.7071850393700787	40	5
420	5.957446808510638	0.7063160481690833	40	5
421	5.971631205673759	0.7082111436950147	40	5
422	5.98581560283688	0.7104687879523925	40	5
423	5.957746478873239	0.7099514563106796	40	5
424	5.971830985915493	0.7082728592162555	40	5
425	5.985915492957746	0.7064352856109906	40	5
426	6.0	0.7093525179856115	40	5
427	5.972027972027972	0.7090124640460211	40	5
428	5.944444444444445	0.708672735984667	40	5
429	5.958333333333333	0.708712302537099	40	5
430	5.931034482758621	0.7085427135678392	40	5
431	5.944827586206896	0.7070970804652267	40	5
432	5.958620689655173	0.7065910701630049	40	5
433	5.972413793103448	0.707833450952717	40	5
434	5.9862068965517246	0.7072029934518241	40	5
435	6.0	0.7073625349487418	40	5
436	6.0137931034482754	0.7077244258872651	40	5
437	6.027586206896552	0.7058823529411765	40	5
438	6.041379310344827	0.7055172413793104	40	5
439	6.055172413793104	0.7058823529411765	40	5
440	6.027397260273973	0.7033067274800456	40	5
441	6.041095890410959	0.702561777374745	40	5
442	5.972972972972973	0.702561777374745	40	5
443	5.986486486486487	0.6998644986449865	40	5
444	6.0	0.7007643884892086	40	5
445	6.013513513513513	0.7016562220232766	40	5
446	6.027027027027027	0.6995095853767276	40	5
447	6.04054054054054	0.6978912319644839	40	5
448	6.054054054054054	0.6966416261599646	40	5
449	6.0675675675675675	0.6966168717047452	40	5
450	6.081081081081081	0.695137976346912	40	5
451	6.094594594594595	0.6932114882506527	40	5
452	6.067114093959732	0.6906568393670063	40	5
453	6.080536912751678	0.6895213454075032	40	5
454	6.093959731543624	0.6886934134305943	40	5
455	6.10738255033557	0.687125748502994	40	5
456	6.120805369127517	0.6864081806561568	40	5
457	6.134228187919463	0.6866624122527122	40	5
458	6.147651006711409	0.6878980891719745	40	5
459	6.12	0.6877520696242836	40	5
460	6.133333333333334	0.6893779094371562	40	5
461	6.1466666666666665	0.6904109589041096	40	5
462	6.16	0.6913890634820867	40	5
463	6.173333333333333	0.6910569105691057	40	5
464	6.145695364238411	0.6907689101896228	41	5
465	6.158940397350993	0.6895764119601329	41	5
466	6.172185430463577	0.6899256812551611	41	5
467	6.185430463576159	0.6896551724137931	41	5
468	6.198675496688741	0.6913630781825624	41	5
469	6.211920529801325	0.691884176182708	41	5
470	6.225165562913907	0.6930592306126603	41	5
471	6.23841059602649	0.6920744035584311	41	5
472	6.251655629139073	0.6900302114803626	41	5
473	6.264900662251655	0.6884653961885657	41	5
474	6.196078431372549	0.6884653961885657	41	5
475	6.209150326797386	0.6884462151394423	41	5
476	6.222222222222222	0.6900178606866442	41	5
477	6.235294117647059	0.6898395721925134	41	5
478	6.248366013071895	0.6884471560716394	41	5
479	6.261437908496732	0.6882456483473499	41	5
480	6.193548387096774	0.6882456483473499	41	5
481	6.2064516129032254	0.6892919836161499	41	5
482	6.219354838709678	0.6888111888111889	41	5
483	6.232258064516129	0.690075449796866	41	5
484	6.245161290322581	0.692485549132948	41	5
485	6.258064516129032	0.692661429392604	41	5
486	6.2709677419354835	0.6943331425300515	41	5
487	6.283870967741936	0.6945080091533181	41	5
488	6.296774193548387	0.6957264957264957	41	5
489	6.229299363057325	0.6957264957264957	41	5
490	6.24203821656051	0.6952814098919841	41	5
491	6.254777070063694	0.6936154136758594	41	5
492	6.267515923566879	0.6922643634998122	41	5
493	6.280254777070064	0.6911434977578476	41	5
494	6.292993630573249	0.689815676782722	41	5
495	6.265822784810126	0.689687267311988	41	5
496	6.2784810126582276	0.6891067135195117	41	5
497	6.291139240506329	0.6897568165070007	41	5
498	6.30379746835443	0.6905286343612335	41	5
499	6.3164556962025316	0.692518748856777	41	5
500	6.329113924050633	0.6926873857404022	41	5
501	6.341772151898734	0.6927282668124658	41	5
502	6.3544303797468356	0.6922240348015226	41	5
503	6.367088607594937	0.6929318427695637	41	5
504	6.379746835443038	0.6923492349234923	41	5
505	6.3924050632911396	0.6940057430007178	41	5
506	6.405063291139241	0.6956910423743966	41	5
507	6.377358490566038	0.6939539860888175	42	5
508	6.389937106918239	0.6941531899768971	42	5
509	6.40251572327044	0.6931235637263568	42	5
510	6.415094339622642	0.694136291600634	42	5
511	6.3875	0.6938919204365429	42	5
512	6.4	0.6936873571302972	42	5
513	6.4125	0.695583596214511	42	5
514	6.425	0.6953781512605042	42	5
515	6.39751552795031	0.6951347567378369	42	5
516	6.409937888198757	0.695357329160146	42	5
517	6.422360248447205	0.6949826989619378	42	5
518	6.434782608695652	0.6951409303129863	42	5
519	6.447204968944099	0.6965208405098174	42	5
520	6.459627329192546	0.6963548830811555	42	5
521	6.472049689440993	0.6982005141388175	42	5
522	6.484472049689441	0.6990788126919141	42	5
523	6.496894409937888	0.7010537049626104	42	5
524	6.509316770186335	0.7007113821138211	42	5
525	6.481481481481482	0.7001184633609748	42	5
526	6.493827160493828	0.7012328998479986	42	5
527	6.506172839506172	0.7026845637583893	42	5
528	6.518518518518518	0.701935914552737	42	5
529	6.530864197530864	0.7026040802786532	42	5
530	6.54320987654321	0.7019055509527755	42	5
531	6.555555555555555	0.7028457974851092	42	5
532	6.567901234567901	0.7021276595744681	42	5
533	6.580246913580247	0.7042322834645669	42	5
534	6.592592592592593	0.7032553574349747	42	5
535	6.604938271604938	0.7037520391517129	42	5
536	6.617283950617284	0.7035592393954169	42	5
537	6.62962962962963	0.702995951417004	42	5
538	6.601226993865031	0.7010658914728682	42	5
539	6.613496932515337	0.7008712487899322	42	5
540	6.625766871165644	0.6992118385073186	42	5
541	6.638036809815951	0.6979650697003685	42	5
542	6.6503067484662575	0.6969164403259307	42	5
543	6.662576687116564	0.6981522777954763	42	5
544	6.674846625766871	0.6977410117721922	42	5
545	6.6871165644171775	0.6977186311787072	42	5
546	6.699386503067485	0.6978622327790974	42	5
547	6.711656441717792	0.6993546356052259	42	5
548	6.723926380368098	0.6990566037735849	42	5
549	6.736196319018405	0.6974447405549459	42	5
550	6.748466257668712	0.6974567015134966	42	5
551	6.719512195121951	0.6970216747232184	42	5
552	6.7317073170731705	0.6963619402985075	42	5
553	6.662650602409639	0.6963619402985075	42	5
554	6.674698795180723	0.6960708184500699	42	5
555	6.686746987951807	0.6956724057701257	42	5
556	6.698795180722891	0.6959218483485812	42	5
557	6.710843373493976	0.6955982641041537	42	5
558	6.72289156626506	0.6969416126042632	42	5
559	6.734939759036145	0.6970208845208845	42	5
560	6.746987951807229	0.6989444699403397	42	5
561	6.759036144578313	0.6990068754774638	42	5
562	6.771084337349397	0.6978658536585366	42	5
563	6.783132530120482	0.6988171064604186	42	5
564	6.795180722891566	0.6991391028545537	42	5
565	6.807228915662651	0.7002855854501728	42	5
566	6.819277108433735	0.7005853219270599	42	5
567	6.831325301204819	0.7003891050583657	42	5
568	6.802395209580839	0.7001795332136446	42	5
569	6.81437125748503	0.7016706443914081	42	5
570	6.826347305389222	0.7006843201428147	42	5
571	6.838323353293413	0.6999703528016602	42	5
572	6.850299401197605	0.6991281217674006	42	5
573	6.862275449101796	0.6995733411799323	42	5
574	6.874251497005988	0.6994727592267135	42	5
575	6.88622754491018	0.6996791131855309	42	5
576	6.8982035928143715	0.7020348837209303	42	5
577	6.910179640718563	0.7036822267323862	42	5
578	6.922155688622754	0.7063411815686841	42	5
579	6.892857142857143	0.7056277056277056	43	5
580	6.823529411764706	0.7056277056277056	43	5
581	6.8352941176470585	0.7063389391979301	43	5
582	6.847058823529411	0.70853623603552	43	5
583	6.858823529411764	0.7071673329525985	43	5
584	6.870588235294117	0.706007972665148	43	5
585	6.882352941176471	0.7056061468412066	43	5
586	6.894117647058824	0.7060073675262114	43	5
587	6.905882352941177	0.7078508895792149	43	5
588	6.91764705882353	0.7075511644318984	43	5
589	6.929411764705883	0.7094822734946539	43	5
590	6.9411764705882355	0.7086547902931688	43	5
591	6.952941176470588	0.7102503146413089	43	5
592	6.964705882352941	0.7101529902642559	43	5
593	6.976470588235294	0.7100986248090012	43	5
594	6.988235294117647	0.7101429166088525	43	5
595	7.0	0.7119347254874845	43	5
596	7.011764705882353	0.7115278543849972	43	5
597	7.023529411764706	0.7111570247933884	43	5
598	7.035294117647059	0.7102225886232482	43	5
599	7.047058823529412	0.7101806239737274	43	5
600	7.0588235294117645	0.7107629427792915	43	5
601	7.070588235294117	0.7114157730419438	43	5
602	7.08235294117647	0.7124341838801134	43	5
603	7.094117647058823	0.7131709942149872	43	5
604	7.105882352941176	0.711659734335167	43	5
605	7.117647058823529	0.7129864919085195	43	5
606	7.129411764705883	0.7132392115077251	43	5
607	7.141176470588236	0.7123852600771584	43	5
608	7.152941176470589	0.7128673550436855	43	5
609	7.1647058823529415	0.7125345986555951	43	5
610	7.176470588235294	0.713405036726128	43	5
611	7.188235294117647	0.7123627809722948	43	5
612	7.2	0.7141368078175896	43	5
613	7.211764705882353	0.7150077760497667	43	5
614	7.223529411764706	0.7156495936008257	43	5
615	7.235294117647059	0.7153905645784996	43	5
616	7.247058823529412	0.7149460708782742	43	5
617	7.258823529411765	0.7146516393442623	43	5
618	7.270588235294118	0.7146506578107038	43	5
619	7.2823529411764705	0.7150674471875795	43	5
620	7.294117647058823	0.7146846046452595	43	5
621	7.305882352941176	0.714629817444219	43	5
622	7.317647058823529	0.7156032849020847	43	5
623	7.329411764705882	0.715669014084507	43	5
624	7.341176470588235	0.7161654135338346	43	5
625	7.352941176470588	0.715125	43	5
626	7.364705882352941	0.7146235220908526	43	5
627	7.376470588235295	0.7156509867196227	43	5
628	7.3882352941176475	0.7149046793760832	43	5
629	7.4	0.7142680819550729	43	5
630	7.411764705882353	0.7147774772559626	43	5
631	7.423529411764706	0.714478527607362	43	5
632	7.435294117647059	0.7130275229357799	43	5
633	7.447058823529412	0.7125960248750153	43	5
634	7.372093023255814	0.7125960248750153	43	5
635	7.383720930232558	0.7099987850807922	60	7
636	7.395348837209302	0.7089588377723971	60	7
637	7.364161849710983	0.7088730177944559	60	7
638	7.375722543352601	0.7079913085465959	60	7
639	7.38728323699422	0.7087296809151113	60	7
640	7.398843930635838	0.7105642256902761	60	7
641	7.410404624277457	0.7110471392587262	60	7
642	7.421965317919075	0.7107714353952711	60	7
643	7.433526011560693	0.7112115087385567	60	7
644	7.445086705202312	0.7110979228486647	60	7
645	7.456647398843931	0.7126993502658003	60	7
646	7.468208092485549	0.7125353440150801	60	7
647	7.479768786127168	0.7141013608634444	60	7
648	7.491329479768786	0.7142355008787347	60	7
649	7.502890173410405	0.7150694525504844	60	7
650	7.514450867052023	0.7156348373557188	60	7
651	7.526011560693641	0.715711301926201	60	7
652	7.53757225433526	0.7173611111111111	60	7
653	7.505747126436781	0.7172780928133318	60	7
654	7.517241379310345	0.7173687247547605	60	7
655	7.528735632183908	0.7172334293948127	60	7
656	7.540229885057471	0.7174887892376681	60	7
657	7.551724137931035	0.7168536752919624	60	7
658	7.563218390804598	0.7167142042213348	60	7
659	7.574712643678161	0.7171097477845945	60	7
660	7.586206896551724	0.7172875965470241	60	7
661	7.597701149425287	0.71713282753935	60	7
662	7.609195402298851	0.7166459205612764	60	7
663	7.620689655172414	0.717053390403244	60	7
664	7.632183908045977	0.7174206617150574	60	7
665	7.64367816091954	0.7164832697058163	60	7
666	7.655172413793103	0.7163526244952894	60	7
667	7.666666666666667	0.7159663865546219	60	7
668	7.67816091954023	0.7153227607773063	60	7
669	7.689655172413793	0.715366640703238	60	7
670	7.7011494252873565	0.716696269982238	60	7
671	7.668571428571428	0.7165371809100999	60	7
672	7.68	0.7169142097095987	60	7
673	7.691428571428571	0.7170457054537426	60	7
674	7.702857142857143	0.7164228357716422	60	7
675	7.714285714285714	0.717577353522054	60	7
676	7.725714285714286	0.7178115103199738	60	7
677	7.649717514124294	0.7178115103199738	60	7
678	7.661016949152542	0.7173557325188175	60	6
679	7.672316384180791	0.7172706496898466	60	6
680	7.68361581920904	0.7180989583333334	60	6
681	7.694915254237288	0.7189627228525122	60	6
682	7.706214689265536	0.7205818965517241	60	6
683	7.7175141242937855	0.7205408886027045	60	6
684	7.728813559322034	0.7207313161552443	60	6
685	7.740112994350283	0.7208831058020477	60	6
686	7.751412429378531	0.7214262973575295	60	6
687	7.762711864406779	0.7215915119363395	60	6
688	7.7740112994350286	0.7219217308304168	60	6
689	7.785310734463277	0.7238206050349059	60	6
690	7.709497206703911	0.7238206050349059	60	6
691	7.720670391061453	0.7224567327986492	60	6
692	7.731843575418995	0.7218068863851743	60	6
693	7.743016759776537	0.7214390911003576	60	6
694	7.754189944134078	0.7208057916273214	60	6
695	7.76536312849162	0.7223733779824194	60	6
696	7.733333333333333	0.7219956071540634	61	6
697	7.7444444444444445	0.7215903161849108	61	6
698	7.7555555555555555	0.7221702525724977	61	6
699	7.766666666666667	0.7230562169996894	61	6
700	7.777777777777778	0.7245972738537795	61	6
701	7.745856353591161	0.7244476564113153	61	6
702	7.7569060773480665	0.7242446117355883	61	6
703	7.767955801104972	0.7241166803615448	61	6
704	7.693989071038251	0.7241166803615448	61	6
705	7.704918032786885	0.7237138757942201	61	6
706	7.715846994535519	0.723576403113478	61	6
707	7.726775956284153	0.7229874502601775	61	6
708	7.737704918032787	0.7225563143410457	61	6
709	7.748633879781421	0.7231300111641125	61	6
710	7.759562841530054	0.7228403803358284	61	6
711	7.728260869565218	0.7226210941450096	61	6
712	7.739130434782608	0.724054462934947	61	6
713	7.75	0.724449804039795	61	6
714	7.760869565217392	0.7256610576923077	61	6
715	7.771739130434782	0.727072927072927	61	6
716	7.782608695652174	0.7268287821407216	61	6
717	7.793478260869565	0.7270286396181385	61	6
718	7.804347826086956	0.7267320844484092	61	6
719	7.815217391304348	0.7259068893940892	61	6
720	7.826086956521739	0.725544281351591	61	6
721	7.836956521739131	0.7259251987827623	61	6
722	7.8478260869565215	0.7268283144309738	61	6
723	7.858695652173913	0.7266517029374451	61	6
724	7.869565217391305	0.7279797783394906	61	6
725	7.880434782608695	0.728206121658272	61	6
726	7.891304347826087	0.728011611030479	61	6
727	7.9021739130434785	0.7284557547715442	61	6
728	7.913043478260869	0.7284602823936221	61	6
729	7.923913043478261	0.7284151957022257	61	6
730	7.891891891891892	0.7283453237410072	61	6
731	7.902702702702703	0.7286532951289398	61	6
732	7.9135135135135135	0.7287634664887025	61	6
733	7.924324324324324	0.7274543378995434	61	6
734	7.935135135135135	0.7280668439042917	61	6
735	7.945945945945946	0.7280834914611005	61	6
736	7.956756756756757	0.727427597955707	61	6
737	7.967567567567568	0.7279516022308347	61	6
738	7.978378378378379	0.7280346548639232	61	6
739	7.989189189189189	0.7279743975903614	61	6
740	8.0	0.7285513361462729	61	6
741	8.010810810810812	0.7292972770655937	61	6
742	8.021621621621621	0.7285554102037003	61	6
743	8.032432432432433	0.7286951662475551	61	6
744	8.043243243243243	0.7288418708240535	61	6
745	8.054054054054054	0.7287179961179406	61	6
746	8.064864864864864	0.7296101741774952	61	6
747	8.075675675675676	0.7297222733124885	61	6
748	8.086486486486486	0.7291418081688849	61	6
749	8.097297297297297	0.7289565376856776	61	6
750	8.108108108108109	0.729210502241332	61	6
751	8.118918918918919	0.7307201458523245	61	6
752	8.12972972972973	0.7313079861742768	61	6
753	8.096774193548388	0.7311749727173518	62	6
754	8.10752688172043	0.7294501905280348	64	6
755	8.118279569892474	0.7292232482346551	64	6
756	8.129032258064516	0.7299566630552546	64	6
757	8.13978494623656	0.730371436280241	64	6
758	8.150537634408602	0.7318320473712543	64	6
759	8.161290322580646	0.7315171610359351	64	6
760	8.172043010752688	0.7324926214113228	64	6
761	8.182795698924732	0.7335649385355425	64	6
762	8.193548387096774	0.7345580404685836	64	6
763	8.204301075268818	0.7351222104144527	64	6
764	8.21505376344086	0.7364190442540411	64	6
765	8.225806451612904	0.7371065855593758	64	6
766	8.236559139784946	0.7373328641801549	64	6
767	8.24731182795699	0.7373684210526316	64	6
768	8.258064516129032	0.7391037983546298	64	6
769	8.268817204301076	0.7392670157068063	64	6
770	8.279569892473118	0.7401581645954637	64	6
771	8.290322580645162	0.740506329113924	64	6
772	8.256684491978609	0.7398007795582503	65	6
773	8.267379679144385	0.7396904988328866	65	6
774	8.27807486631016	0.7391979301423027	65	6
775	8.288770053475936	0.7396200464196682	65	6
776	8.29946524064171	0.740813704496788	65	6
777	8.310160427807487	0.7411644186443572	65	6
778	8.320855614973262	0.7412545748574346	65	6
779	8.331550802139038	0.7414497192445125	65	6
780	8.297872340425531	0.741260525644297	65	6
781	8.308510638297872	0.7406401222514645	65	6
782	8.319148936170214	0.7408629441624366	65	6
783	8.242105263157894	0.7408629441624366	65	6
784	8.25263157894737	0.7412717152976893	65	6
785	8.263157894736842	0.7424395161290323	65	6
786	8.273684210526316	0.7437892095357591	65	6
787	8.284210526315789	0.7444963308872582	65	6
788	8.294736842105262	0.7456315526709935	65	6
789	8.21875	0.7456315526709935	65	6
790	8.229166666666666	0.7447108603667136	65	6
791	8.239583333333334	0.7441052370315214	65	6
792	8.25	0.7435537190082645	65	6
793	8.260416666666666	0.7435770750988142	65	6
794	8.185567010309278	0.7435770750988142	65	6
795	8.195876288659793	0.7440315038149151	65	6
796	8.206185567010309	0.7421465968586387	65	6
797	8.174358974358974	0.7420858895705521	65	6
798	8.184615384615384	0.7419144070565175	65	6
799	8.194871794871794	0.7427966791469965	65	6
800	8.205128205128204	0.7431259631762511	65	6
801	8.215384615384615	0.7428270384178959	65	6
802	8.225641025641025	0.7427113702623906	65	6
803	8.235897435897435	0.741823467657272	65	6
804	8.246153846153845	0.740985722352182	70	7
805	8.256410256410257	0.7405109194939157	70	7
806	8.266666666666667	0.7415053417945217	70	7
807	8.276923076923078	0.7416513173700648	70	7
808	8.287179487179488	0.7421002234280243	70	7
809	8.297435897435898	0.7425292852020081	70	7
810	8.307692307692308	0.7418789808917198	70	7
811	8.317948717948719	0.7410083366415244	70	7
812	8.328205128205129	0.7424050632911392	70	7
813	8.253807106598984	0.7424050632911392	70	7
814	8.263959390862944	0.7414241779039508	70	7
815	8.274111675126903	0.7421586353274113	70	7
816	8.284263959390863	0.74258590930488	70	7
817	8.294416243654823	0.7425323402587221	70	7
818	8.304568527918782	0.742908494178323	70	7
819	8.314720812182742	0.7436316896471138	70	7
820	8.3248730964467	0.7436955168119551	70	7
821	8.33502538071066	0.7447650069799907	70	7
822	8.345177664974619	0.7453560371517027	70	7
823	8.355329949238579	0.7458934217629367	70	7
824	8.365482233502538	0.7456687456687456	70	7
825	8.375634517766498	0.7447608812466416	70	7
826	8.385786802030458	0.7458677685950413	70	7
827	8.395939086294415	0.7464530892448512	70	7
828	8.406091370558375	0.7477765108323832	70	7
829	8.416243654822335	0.7484662576687117	70	7
830	8.426395939086294	0.7481308058303754	70	7
831	8.436548223350254	0.7485882087192229	70	7
832	8.446700507614214	0.7482522739231752	70	7
833	8.456852791878173	0.7489307421024987	70	7
834	8.467005076142131	0.750112325894863	70	7
835	8.47715736040609	0.7510652612693429	70	7
836	8.444444444444445	0.751009119449843	71	8
837	8.454545454545455	0.7505599522174108	71	8
838	8.464646464646465	0.7506148915554893	71	8
839	8.474747474747474	0.751896474788041	71	8
840	8.484848484848484	0.7513349154553545	71	8
841	8.494949494949495	0.7511104530648505	71	8
842	8.505050505050505	0.7518291331017664	71	8
843	8.515151515151516	0.7523795469637719	71	8
844	8.525252525252526	0.753477077047612	71	8
845	8.535353535353535	0.7533059065530414	71	8
846	8.545454545454545	0.7542354235423543	71	8
847	8.555555555555555	0.7552708638360176	71	8
848	8.565656565656566	0.7548797426712479	71	8
849	8.575757575757576	0.754657704391028	71	8
850	8.585858585858587	0.7553532410779316	71	8
851	8.595959595959595	0.755770068224706	71	8
852	8.606060606060606	0.755	71	8
853	8.616161616161616	0.7548345042369813	71	8
854	8.626262626262626	0.7545586107091172	71	8
855	8.636363636363637	0.7556887957812612	71	8
856	8.646464646464647	0.7557946422124341	71	8
857	8.656565656565656	0.7559532400057728	71	8
858	8.666666666666666	0.7562045895978706	71	8
859	8.676767676767676	0.756036217303823	71	8
860	8.686868686868687	0.754730504587156	71	8
861	8.696969696969697	0.7545617173524151	71	8
862	8.707070707070708	0.7551428571428571	71	8
863	8.717171717171718	0.755984611000285	71	8
864	8.727272727272727	0.7562846186621218	71	8
865	8.737373737373737	0.7564792522305622	71	8
866	8.703517587939698	0.7550356915683087	72	8
867	8.71356783919598	0.754924804066935	72	8
868	8.72361809045226	0.755028583527419	72	8
869	8.733668341708542	0.7548114205146281	72	8
870	8.743718592964823	0.754915087026989	72	8
871	8.753768844221106	0.7557493494619875	72	8
872	8.763819095477388	0.7557976106816585	72	8
873	8.773869346733669	0.7561095505617977	72	8
874	8.78391959798995	0.7562105263157894	72	8
875	8.793969849246231	0.7558790593505039	72	8
876	8.804020100502512	0.7556611685770198	72	8
877	8.814070351758794	0.7562199456408112	72	8
878	8.824120603015075	0.7566685190330648	72	8
879	8.834170854271356	0.7573722829849093	72	8
880	8.844221105527637	0.7577223412341926	72	8
881	8.85427135678392	0.759195481471277	72	8
882	8.864321608040202	0.7587749483826566	72	8
883	8.874371859296483	0.7586135754074685	72	8
884	8.884422110552764	0.7568420330612525	72	8
885	8.894472361809045	0.7572935214354198	72	8
886	8.904522613065327	0.7570841889117043	72	8
887	8.914572864321608	0.7571301552561385	72	8
888	8.924623115577889	0.7572656569791241	72	8
889	8.93467336683417	0.7572537801389456	72	8
890	8.944723618090451	0.7574954109728738	72	8
891	8.954773869346734	0.757285510495211	72	8
892	8.964824120603016	0.75670913526701	72	8
893	8.974874371859297	0.7563998374644454	72	8
894	8.94	0.7559902531474212	72	8
895	8.95	0.756586947709769	72	8
896	8.96	0.7550552709625236	72	8
897	8.97	0.7541910725106039	75	8
898	8.98	0.7540365984930032	75	8
899	8.99	0.7539815872589207	75	8
900	9.0	0.755081505333065	75	8
901	9.01	0.7557175337702287	75	8
902	9.02	0.756050403360224	75	8
903	9.03	0.7559448477985745	75	8
904	8.99502487562189	0.7558441558441559	75	8
905	9.00497512437811	0.7559400998336107	75	8
906	9.014925373134329	0.7559729227501991	75	8
907	9.024875621890548	0.7573027753858382	75	8
908	9.034825870646767	0.7580847827524635	75	8
909	9.044776119402986	0.7580282806924805	75	8
910	9.054726368159203	0.7576697235600712	75	8
911	9.064676616915422	0.7582374219006905	75	8
912	9.074626865671641	0.7591097104589324	75	8
913	9.08457711442786	0.7570185197303841	75	8
914	9.09452736318408	0.7570662130332374	75	8
915	9.104477611940299	0.757060669456067	75	8
916	9.114427860696518	0.7567620540964328	75	8
917	9.124378109452737	0.7576191716592863	75	8
918	9.134328358208956	0.7577571066154947	75	8
919	9.144278606965175	0.7576998050682261	75	8
920	9.154228855721392	0.7572475517219015	75	8
921	9.164179104477611	0.7584956955142728	75	8
922	9.17412935323383	0.7567759421786268	75	8
923	9.18407960199005	0.7576245013511774	75	8
924	9.194029850746269	0.7562604340567612	75	8
925	9.203980099502488	0.7556694426649584	75	8
926	9.213930348258707	0.757184825648231	75	8
927	9.223880597014926	0.7571255499585539	75	8
928	9.233830845771145	0.7583926754832147	75	8
929	9.243781094527364	0.7589834590278218	75	8
930	9.207920792079207	0.7583586626139818	76	8
931	9.217821782178218	0.7581562974203339	76	8
932	9.227722772277227	0.7580960797929424	76	8
933	9.237623762376238	0.7578031401727725	76	8
934	9.247524752475247	0.7581588379551029	76	8
935	9.257425742574258	0.7586985141997367	76	8
936	9.267326732673267	0.7595197899080848	76	8
937	9.277227722772277	0.759072203516648	76	8
938	9.287128712871286	0.7597984322508399	76	8
939	9.297029702970297	0.7598905200298581	76	8
940	9.306930693069306	0.7586142670888434	76	8
941	9.316831683168317	0.7589330024813896	76	8
942	9.326732673267326	0.7590182223875046	76	8
943	9.336633663366337	0.7586377708978328	76	8
944	9.346534653465346	0.7586825976598774	76	8
945	9.356435643564357	0.758164275111331	76	8
946	9.366336633663366	0.7587440626734933	76	8
947	9.376237623762377	0.7586844050258684	76	8
948	9.386138613861386	0.7573298912041305	76	8
949	9.396039603960396	0.7574567325395851	76	8
950	9.405940594059405	0.7564754148551834	76	8
951	9.415841584158416	0.7563333741280137	76	8
952	9.425742574257425	0.7564196625091709	76	8
953	9.435643564356436	0.7567221510883483	76	8
954	9.445544554455445	0.7569871521646472	76	8
955	9.455445544554456	0.7575168559800766	76	8
956	9.41871921182266	0.7574708454810496	76	8
957	9.428571428571429	0.757651202331795	76	8
958	9.438423645320198	0.757643775782577	76	8
959	9.448275862068966	0.7574086419004908	76	8
960	9.458128078817735	0.75667332485927	76	8
961	9.467980295566502	0.7574696686183376	76	8
962	9.47783251231527	0.7576433697159742	76	8
963	9.48768472906404	0.7565452904002408	76	8
964	9.450980392156863	0.7562266875225605	77	8
965	9.46078431372549	0.7546376898601189	100	8
966	9.470588235294118	0.7551240560949298	100	8
967	9.480392156862745	0.7553789146545542	100	8
968	9.490196078431373	0.7554600787683494	100	8
969	9.5	0.754239809580482	100	8
970	9.509803921568627	0.7540516473731077	100	8
971	9.519607843137255	0.7540934978642619	100	8
972	9.529411764705882	0.7538188277087033	100	8
973	9.53921568627451	0.7536394839625992	100	8
974	9.549019607843137	0.7532337133069518	100	8
975	9.558823529411764	0.75212214100448	100	8
976	9.568627450980392	0.7525136708414183	100	8
977	9.57843137254902	0.7516731243395561	100	8
978	9.495145631067961	0.7516731243395561	100	8
979	9.504854368932039	0.7516727315412607	100	8
980	9.514563106796116	0.7508784258608573	100	8
981	9.524271844660195	0.7514910536779325	100	8
982	9.533980582524272	0.7521452337867025	100	8
983	9.54368932038835	0.7522268149269372	100	8
984	9.553398058252426	0.750740289148232	100	8
985	9.516908212560386	0.7500870170553429	101	8
986	9.526570048309178	0.7500868759411561	101	8
987	9.53623188405797	0.7506928406466513	101	8
988	9.545893719806763	0.7512520868113522	101	8
989	9.555555555555555	0.7523251808473992	101	8
990	9.565217391304348	0.7530949105914718	101	8
991	9.57487922705314	0.7527916165607283	101	8
992	9.492822966507177	0.7527916165607283	101	8
993	9.502392344497608	0.7536878216123499	101	8
994	9.511961722488039	0.7547040711597673	101	8
995	9.52153110047847	0.7556352459016393	101	8
996	9.5311004784689	0.755371149255428	101	8
997	9.495238095238095	0.754513455206086	101	8
998	9.504761904761905	0.7555190761915545	101	8
999	9.514285714285714	0.75622283682339	101	8
1000	9.523809523809524	0.7560810810810811	101	8
