m	mean_deg	C	n_lcc	diameter	n_comp	modularity
1	1.0	0.0	2	1	1	-0.5
2	1.0	0.0	2	1	2	-0.375
3	1.0	0.0	2	1	3	0.05555555555555554
4	1.0	0.0	2	1	4	0.0625
5	1.0	0.0	2	1	5	-0.01999999999999997
6	1.0	0.0	2	1	6	-0.013888888888888905
7	1.0	0.0	2	1	7	-0.06122448979591837
8	1.0	0.0	2	1	8	-0.0546875
9	1.0	0.0	2	1	9	-0.06172839506172839
10	1.0	0.0	2	1	10	-0.07999999999999999
11	1.0	0.0	2	1	11	-0.06611570247933884
12	1.0	0.0	2	1	12	-0.06250000000000001
13	1.0	0.0	2	1	13	-0.062130177514792904
14	1.037037037037037	0.0	3	2	13	-0.07397959183673469
15	1.0344827586206897	0.0	3	2	14	-0.08666666666666666
16	1.032258064516129	0.0	3	2	15	-0.0859375
17	1.0303030303030303	0.0	3	2	16	-0.08131487889273356
18	1.0285714285714285	0.0	3	2	17	-0.02314814814814815
19	1.0555555555555556	0.0	3	2	17	-0.026315789473684223
20	1.0526315789473684	0.0	3	2	18	-0.023749999999999993
21	1.0769230769230769	0.0	4	2	18	-0.027210884353741506
22	1.0731707317073171	0.0	4	2	19	0.016528925619834718
23	1.0952380952380953	0.0	5	3	19	0.008506616257088845
24	1.0909090909090908	0.0	5	3	20	0.04253472222222221
25	1.1363636363636365	0.0	5	3	19	0.039999999999999994
26	1.1304347826086956	0.0	5	3	20	0.031065088757396456
27	1.125	0.0	5	3	21	0.02880658436213991
28	1.12	0.0	5	3	22	0.024234693877551026
29	1.1372549019607843	0.0	5	3	22	0.01902497027348396
30	1.1320754716981132	0.0	5	3	23	0.048888888888888885
31	1.1272727272727272	0.0	5	3	24	0.04110301768990634
32	1.1228070175438596	0.0	5	3	25	0.03662109375
33	1.11864406779661	0.0	5	3	26	0.031680440771349884
34	1.1147540983606556	0.0	5	3	27	0.02897923875432524
35	1.1111111111111112	0.0	5	3	28	0.02653061224489795
36	1.1076923076923078	0.0	5	3	29	0.02237654320987653
37	1.121212121212121	0.0	5	3	29	0.019722425127830533
38	1.1176470588235294	0.0	5	3	30	0.017659279778393346
39	1.1142857142857143	0.0	5	3	31	0.015779092702169623
40	1.1111111111111112	0.0	5	3	32	0.012187500000000004
41	1.1232876712328768	0.0	5	3	32	0.008923259964306958
42	1.12	0.0	5	3	33	0.008503401360544212
43	1.1168831168831168	0.0	5	3	34	0.006489994591671166
44	1.1139240506329113	0.0	5	3	35	0.0020661157024793476
45	1.1111111111111112	0.0	5	3	36	0.021234567901234572
46	1.1219512195121952	0.0	5	3	36	0.017958412098298664
47	1.1325301204819278	0.0	5	3	36	0.01380715255771842
48	1.1294117647058823	0.0	5	3	37	0.010850694444444448
49	1.1395348837209303	0.0	5	3	37	0.007496876301541007
50	1.1363636363636365	0.0	5	3	38	0.006599999999999993
51	1.1333333333333333	0.0	5	3	39	0.0028835063437139567
52	1.1304347826086956	0.0	5	3	40	0.001479289940828412
53	1.1397849462365592	0.0	5	3	40	0.00142399430402277
54	1.1368421052631579	0.0	5	3	41	0.00017146776406035472
55	1.1458333333333333	0.0	5	3	41	-0.0023140495867768783
56	1.1428571428571428	0.0	5	3	42	0.01147959183673469
57	1.1515151515151516	0.0	5	3	42	0.009541397353031696
58	1.1717171717171717	0.0	5	3	41	0.006985731272294895
59	1.1683168316831682	0.0	5	3	42	0.005601838552140181
60	1.1650485436893203	0.0	5	3	43	0.0034722222222222233
61	1.161904761904762	0.0	5	3	44	0.003224939532383783
62	1.158878504672897	0.0	5	3	45	0.0010405827263267288
63	1.1775700934579438	0.0	6	5	44	-0.001385739480977595
64	1.1851851851851851	0.0	6	5	44	0.0128173828125
65	1.1818181818181819	0.0	6	5	45	0.011242603550295865
66	1.1891891891891893	0.0	6	5	45	0.008608815426997256
67	1.1964285714285714	0.0	7	6	45	0.006683002895967918
68	1.1929824561403508	0.0	7	6	46	0.004541522491349471
69	1.1896551724137931	0.0	7	6	47	0.00241545893719807
70	1.1965811965811965	0.0	7	6	47	-0.00010204081632653791
71	1.2033898305084745	0.0	7	6	47	-0.0017853600476095965
72	1.2100840336134453	0.0	7	6	47	-0.003858024691358027
73	1.2066115702479339	0.0	7	6	48	-0.004503659223118794
74	1.2131147540983607	0.0	7	6	48	-0.006117604090577057
75	1.2096774193548387	0.0	7	6	49	-0.007022222222222223
76	1.2063492063492063	0.0	7	6	50	0.004068559556786694
77	1.2222222222222223	0.0	9	6	49	0.0025299375948726666
78	1.2283464566929134	0.0	9	6	49	0.012327416173570024
79	1.2248062015503876	0.0	9	6	50	0.010655343694920688
80	1.2213740458015268	0.0	9	6	51	0.010703125000000006
81	1.2272727272727273	0.0	9	6	51	0.011431184270690436
82	1.2330827067669172	0.0	9	6	51	0.02334919690660321
83	1.2296296296296296	0.0	9	6	52	0.020902888663086087
84	1.2262773722627738	0.0	9	6	53	0.01913265306122448
85	1.223021582733813	0.0	9	6	54	0.017301038062283725
86	1.2198581560283688	0.0	9	6	55	0.015616549486208749
87	1.2253521126760563	0.0	9	6	55	0.024111507464658462
88	1.2222222222222223	0.0	9	6	56	0.023372933884297516
89	1.2191780821917808	0.0	9	6	57	0.02152505996717587
90	1.2162162162162162	0.0	9	6	58	0.020308641975308645
91	1.221476510067114	0.0	9	6	58	0.019321338002656698
92	1.218543046357616	0.0	9	6	59	0.018431001890359164
93	1.2236842105263157	0.0	9	6	59	0.016071222106601928
94	1.2287581699346406	0.0	9	6	59	0.02387958352195564
95	1.2258064516129032	0.0	9	6	60	0.022880886426592802
96	1.238709677419355	0.0	9	6	59	0.03173828125000001
97	1.2356687898089171	0.0	9	6	60	0.029918163460516522
98	1.240506329113924	0.0	9	6	60	0.028581840899625142
99	1.2375	0.0	9	6	61	0.027395163758800134
100	1.2345679012345678	0.0	9	6	62	0.025799999999999997
101	1.2392638036809815	0.0	9	6	62	0.02367414959317715
102	1.2439024390243902	0.0	9	6	62	0.023019992310649745
103	1.2484848484848485	0.0	9	6	62	0.02134979734187954
104	1.2530120481927711	0.0	9	6	62	0.02075628698224853
105	1.2574850299401197	0.0	9	6	62	0.020725623582766438
106	1.2544378698224852	0.0	9	6	63	0.01860092559629761
107	1.2514619883040936	0.0	9	6	64	0.018429557166564754
108	1.255813953488372	0.0	10	6	64	0.026320301783264752
109	1.2528735632183907	0.0	10	6	65	0.024324551805403594
110	1.2571428571428571	0.0	10	6	65	0.03165289256198346
111	1.2613636363636365	0.0	10	6	65	0.03903903903903905
112	1.2584269662921348	0.0	10	6	66	0.0384247448979592
113	1.2625698324022345	0.0	10	6	66	0.03625969144020675
114	1.2596685082872927	0.0	10	6	67	0.03420283164050477
115	1.2568306010928962	0.0	10	6	68	0.04117202268431002
116	1.2608695652173914	0.0	11	6	68	0.03901605231866826
117	1.2580645161290323	0.0	11	6	69	0.03798670465337133
118	1.2553191489361701	0.0	11	6	70	0.03759695489801779
119	1.2659574468085106	0.0	13	7	69	0.03633217993079585
120	1.263157894736842	0.0	13	7	70	0.044062500000000004
121	1.2670157068062826	0.0	13	7	70	0.04265419028754868
122	1.2774869109947644	0.0	13	7	69	0.048474872346143526
123	1.287958115183246	0.0	13	7	68	0.047623768920616046
124	1.2916666666666667	0.0	13	7	68	0.04594823100936523
125	1.2953367875647668	0.0	13	7	68	0.044448000000000015
126	1.2923076923076924	0.0	13	7	69	0.04320987654320986
127	1.2959183673469388	0.0	13	7	69	0.042036084072168134
128	1.292929292929293	0.0	13	7	70	0.040283203125
129	1.29	0.0	13	7	71	0.03887987500751156
130	1.2935323383084578	0.0	13	7	71	0.03698224852071006
131	1.3034825870646767	0.0	15	7	70	0.03577880076918594
132	1.3004926108374384	0.0	15	7	71	0.03423438934802571
133	1.3103448275862069	0.0	15	7	70	0.03236474645259765
134	1.3201970443349753	0.0	15	7	69	0.03817665404321674
135	1.3235294117647058	0.0	16	7	69	0.03670781893004115
136	1.3333333333333333	0.0	18	8	68	0.035548226643598614
137	1.3431372549019607	0.0	18	8	67	0.033779103841440686
138	1.3529411764705883	0.0	18	8	66	0.032871245536651966
139	1.3560975609756099	0.0	19	8	66	0.03198592205372394
140	1.3658536585365855	0.0	19	8	65	0.031913265306122436
141	1.3689320388349515	0.0	19	8	65	0.031311302248377845
142	1.3653846153846154	0.0	19	8	66	0.03042551081134696
143	1.375	0.0	19	8	65	0.029096777348525612
144	1.3779904306220097	0.0	19	8	65	0.03404706790123457
145	1.3744075829383886	0.0	19	8	66	0.0334601664684899
146	1.3773584905660377	0.0	19	8	66	0.032463876899981224
147	1.3867924528301887	0.0	19	8	65	0.031190707575547223
148	1.3896713615023475	0.0	19	8	65	0.030245617238860486
149	1.386046511627907	0.0	19	8	66	0.029413089500472948
150	1.3824884792626728	0.0	19	8	67	0.02926666666666667
151	1.385321100917431	0.0	19	8	67	0.028112802070084642
152	1.3944954128440368	0.0	19	8	66	0.02728964681440442
153	1.3972602739726028	0.0	20	8	66	0.031974881455850326
154	1.4	0.0	20	8	66	0.037000337325012664
155	1.3963963963963963	0.0	20	8	67	0.03623309053069719
156	1.399103139013453	0.0	20	8	67	0.035133136094674555
157	1.4080717488789238	0.0	22	9	66	0.033774189622297064
158	1.4107142857142858	0.0	22	9	66	0.03286732895369333
159	1.4133333333333333	0.0	22	9	66	0.03235631501918436
160	1.4096916299559472	0.0	22	9	67	0.031035156249999998
161	1.4185022026431717	0.0	22	9	66	0.030380772346745875
162	1.4148471615720524	0.0	22	9	67	0.02972107910379514
163	1.4173913043478261	0.0	22	9	67	0.0295457111671497
164	1.41991341991342	0.0	22	9	67	0.034540452111838184
165	1.4224137931034482	0.0	22	9	67	0.03360881542699723
166	1.4248927038626609	0.0	22	9	67	0.03271519814196546
167	1.421276595744681	0.0	22	9	68	0.03178672594929901
168	1.4297872340425533	0.0	26	11	67	0.030895691609977308
169	1.4261603375527425	0.0	26	11	68	0.030303560799691882
170	1.4345991561181435	0.0	26	11	67	0.029532871972318325
171	1.4369747899159664	0.0	26	11	67	0.028846482678430964
172	1.4333333333333333	0.0	26	11	68	0.027633180097349906
173	1.4416666666666667	0.0	26	11	67	0.026913695746600283
174	1.4439834024896265	0.0	26	11	67	0.025977672083498476
175	1.4462809917355373	0.0	26	11	67	0.030187755102040827
176	1.4426229508196722	0.0	26	11	68	0.029393724173553723
177	1.4448979591836735	0.0	26	11	68	0.029397682658239967
178	1.4412955465587045	0.0	26	11	69	0.02880002524933721
179	1.4377510040160641	0.0	26	11	70	0.028260666021659747
180	1.4457831325301205	0.0	26	11	69	0.032330246913580246
181	1.448	0.0	26	11	69	0.03143982173926315
182	1.450199203187251	0.0	26	11	69	0.030627339693273765
183	1.4523809523809523	0.0	27	11	69	0.030054644808743168
184	1.4488188976377954	0.0	27	11	70	0.035015949905482034
185	1.4566929133858268	0.0	27	11	69	0.03411249086924764
186	1.453125	0.0	27	11	70	0.03347207769684357
187	1.4609375	0.0	27	11	69	0.032871972318339104
188	1.4630350194552528	0.0	27	11	69	0.032070507016749655
189	1.4651162790697674	0.0	27	11	69	0.03163405279807395
190	1.4615384615384615	0.0	27	11	70	0.030775623268698073
191	1.4636015325670497	0.0	28	11	70	0.029892272689893362
192	1.465648854961832	0.0	28	11	70	0.029473198784722227
193	1.4621212121212122	0.0	28	11	71	0.028873258342505828
194	1.4586466165413534	0.0	28	11	72	0.027965246041024544
195	1.4606741573033708	0.0	29	11	72	0.027455621301775146
196	1.462686567164179	0.0	29	11	72	0.02681174510620574
197	1.4592592592592593	0.0	29	11	73	0.02630833054188461
198	1.4558823529411764	0.0	29	11	74	0.0256478930721355
199	1.463235294117647	0.0	29	11	73	0.030138127825054935
200	1.4705882352941178	0.0	29	11	72	0.029312500000000002
201	1.467153284671533	0.0	29	11	73	0.028538897552040785
202	1.463768115942029	0.0	29	11	74	0.027742378198215872
203	1.4657039711191335	0.0	29	11	74	0.02699652988424859
204	1.4676258992805755	0.0	29	11	74	0.026660419069588617
205	1.474820143884892	0.0	29	11	73	0.025901249256394993
206	1.4820143884892085	0.0	29	11	72	0.02502592138750118
207	1.4838709677419355	0.0	29	11	72	0.024959742351046692
208	1.4857142857142858	0.0	29	11	72	0.02436205621301776
209	1.4875444839857652	0.0	29	11	72	0.02332822050777226
210	1.4946619217081851	0.0	31	12	71	0.022290249433106573
211	1.49645390070922	0.0	31	12	71	0.021809932391455705
212	1.50354609929078	0.014218009478672985	31	12	71	0.020725792096831615
213	1.5053003533568905	0.014018691588785047	32	12	71	0.01970508496991339
214	1.5123674911660778	0.013824884792626729	40	16	70	0.019292077910734548
215	1.5140845070422535	0.013761467889908258	40	16	70	0.01909140075716604
216	1.5157894736842106	0.0136986301369863	40	16	70	0.023330332647462274
217	1.5228070175438597	0.013513513513513514	40	16	69	0.022574274246639343
218	1.519163763066202	0.013513513513513514	40	16	70	0.021620654827034767
219	1.5155709342560553	0.013513513513513514	40	16	71	0.021194303705093714
220	1.5172413793103448	0.013333333333333334	41	16	71	0.0209090909090909
221	1.5136986301369864	0.013333333333333334	41	16	72	0.02039270285211195
222	1.5205479452054795	0.013215859030837005	41	16	71	0.02400373346319292
223	1.522184300341297	0.013157894736842105	41	16	71	0.023557682639908314
224	1.5186440677966102	0.013157894736842105	41	16	72	0.02316844706632654
225	1.5254237288135593	0.013043478260869565	43	16	71	0.022883950617283953
226	1.5322033898305085	0.01293103448275862	43	16	70	0.022388205810948393
227	1.5337837837837838	0.01276595744680851	44	16	70	0.02164800403656194
228	1.5405405405405406	0.012658227848101266	44	16	69	0.020958371806709758
229	1.5369127516778522	0.012658227848101266	44	16	70	0.019984363379798236
230	1.5384615384615385	0.012605042016806723	44	16	70	0.01923440453686201
231	1.5451505016722409	0.025	44	16	70	0.018580986113453647
232	1.5518394648829432	0.024793388429752067	44	16	70	0.01835612366230679
233	1.548172757475083	0.024793388429752067	44	16	71	0.017471310946968997
234	1.5496688741721854	0.02459016393442623	44	16	71	0.02124881291547958
235	1.5460526315789473	0.02459016393442623	44	16	72	0.021231326392032596
236	1.542483660130719	0.02459016393442623	44	16	73	0.02057598391266877
237	1.5490196078431373	0.024291497975708502	44	16	72	0.020331499581619755
238	1.5555555555555556	0.023809523809523808	46	16	71	0.01982557728973943
239	1.5620915032679739	0.023622047244094488	46	16	70	0.01953747308345441
240	1.5686274509803921	0.023346303501945526	48	16	69	0.018897569444444446
241	1.5751633986928104	0.022900763358778626	50	16	68	0.017983505793633028
242	1.5816993464052287	0.022556390977443608	50	16	67	0.017741274503107727
243	1.577922077922078	0.022556390977443608	50	16	68	0.017180646581652533
244	1.5844155844155845	0.022304832713754646	50	16	68	0.016771365224402052
245	1.5909090909090908	0.022058823529411766	50	16	67	0.016151603498542277
246	1.5974025974025974	0.021897810218978103	50	16	66	0.015541344437834632
247	1.5935483870967742	0.021897810218978103	50	16	67	0.014719139799046037
248	1.6	0.021739130434782608	50	16	66	0.013909664412070744
249	1.6012861736334405	0.02158273381294964	51	16	66	0.013249786293769454
250	1.6025641025641026	0.02142857142857143	51	16	66	0.012704000000000007
251	1.608974358974359	0.02112676056338028	64	18	65	0.012047427818606047
252	1.605095541401274	0.02112676056338028	64	18	66	0.015841521793902726
253	1.6114649681528663	0.02097902097902098	64	18	65	0.015591557437235384
254	1.6178343949044587	0.020689655172413793	64	18	64	0.015267530535061052
255	1.619047619047619	0.020477815699658702	64	18	64	0.014732795078815827
256	1.620253164556962	0.020338983050847456	65	18	64	0.01419830322265625
257	1.6163522012578617	0.020338983050847456	65	18	65	0.013777649926569668
258	1.6226415094339623	0.020202020202020204	65	18	64	0.013242894056847542
259	1.61875	0.020202020202020204	65	18	65	0.012425276904041386
260	1.625	0.020066889632107024	65	18	64	0.011841715976331369
261	1.6261682242990654	0.02	65	18	64	0.011024500521131509
262	1.632398753894081	0.019801980198019802	68	18	63	0.010853097138861362
263	1.6335403726708075	0.019736842105263157	68	18	63	0.010105683181772183
264	1.6346749226006192	0.019672131147540985	68	18	63	0.013185835629017453
265	1.6358024691358024	0.0196078431372549	68	18	63	0.016133855464578135
266	1.636923076923077	0.019543973941368076	68	18	63	0.016019842840183155
267	1.638036809815951	0.01948051948051948	69	19	63	0.015409109399767149
268	1.6441717791411044	0.01935483870967742	73	23	62	0.015217754511026938
269	1.6402439024390243	0.01935483870967742	73	23	63	0.014800790481060248
270	1.641337386018237	0.019169329073482427	73	23	63	0.014622770919067215
271	1.6424242424242423	0.01910828025477707	73	23	63	0.014174643591454357
272	1.6435045317220545	0.0189873417721519	73	23	63	0.013604292820069202
273	1.649546827794562	0.018867924528301886	73	23	62	0.012827221618430406
274	1.6506024096385543	0.018808777429467086	73	23	62	0.012214289519953117
275	1.6566265060240963	0.018575851393188854	83	23	61	0.011596694214876038
276	1.6626506024096386	0.018404907975460124	83	23	60	0.011013967653854241
277	1.6686746987951808	0.018292682926829267	83	23	60	0.01024384522149383
278	1.6646706586826348	0.018292682926829267	83	23	61	0.00951037730966307
279	1.6656716417910449	0.0182370820668693	83	23	61	0.009159697331740355
280	1.671641791044776	0.01812688821752266	85	23	60	0.00882653061224489
281	1.6776119402985075	0.017964071856287425	93	25	59	0.008073605957371372
282	1.6835820895522389	0.017857142857142856	93	25	58	0.007752376641014034
283	1.68955223880597	0.01775147928994083	98	25	57	0.0070359225361785
284	1.6904761904761905	0.017699115044247787	99	25	57	0.006515324340408651
285	1.6913946587537092	0.01764705882352941	99	25	57	0.00606340412434595
286	1.6923076923076923	0.017595307917888565	99	25	57	0.0054831532104259485
287	1.698224852071006	0.01749271137026239	99	25	56	0.004965460306668767
288	1.6941176470588235	0.01749271137026239	99	25	57	0.004659770447530872
289	1.6950146627565983	0.01729106628242075	100	25	57	0.0045497539540953836
290	1.695906432748538	0.017241379310344827	101	25	57	0.0040071343638525565
291	1.7017543859649122	0.017142857142857144	101	25	56	0.0036607975815117983
292	1.7026239067055393	0.0169971671388102	102	25	56	0.003418793394633126
293	1.7034883720930232	0.016901408450704224	102	25	56	0.003238243893347633
294	1.7043478260869565	0.01680672268907563	103	25	56	0.0027824054791984764
295	1.7052023121387283	0.01675977653631285	103	25	56	0.00234989945417983
296	1.7109826589595376	0.01662049861495845	103	25	55	0.0016777757487217008
297	1.716763005780347	0.01643835616438356	103	25	55	0.0011450078790146043
298	1.722543352601156	0.016216216216216217	106	25	54	0.0007938831584162871
299	1.7183908045977012	0.016216216216216217	106	25	55	0.00010626279348105233
300	1.7191977077363896	0.016129032258064516	107	25	55	-0.0001944444444444513
301	1.72	0.016042780748663103	107	25	55	-0.00047460844803037697
302	1.7257142857142858	0.015873015873015872	110	25	54	-0.0006414192359984179
303	1.7264957264957266	0.0158311345646438	110	25	54	-0.000996634316897051
304	1.7272727272727273	0.015789473684210527	110	25	54	-0.001363400277008317
305	1.728045325779037	0.015625	110	25	54	-0.0017844665412523539
306	1.7337110481586402	0.015424164524421594	110	19	54	0.0008650519031141903
307	1.734463276836158	0.015345268542199489	110	19	54	0.0006525268172606571
308	1.7352112676056337	0.015306122448979591	110	19	54	0.000300430089391129
309	1.7408450704225351	0.015189873417721518	110	19	53	0.0001780458939474787
310	1.7415730337078652	0.015113350125944584	110	19	53	-0.00013007284079084446
311	1.742296918767507	0.01507537688442211	110	19	53	-0.0001395767206707945
312	1.7430167597765363	0.015037593984962405	110	19	53	-0.00023627547666010005
313	1.7486033519553073	0.014962593516209476	115	19	52	-0.0006481642152109423
314	1.7541899441340782	0.01485148514851485	118	19	51	-0.0007556087468051373
315	1.7548746518105849	0.014778325123152709	119	19	51	-0.001068279163517263
316	1.7555555555555555	0.014742014742014743	119	19	51	-0.0015722640602467495
317	1.761111111111111	0.014563106796116505	124	19	50	-0.0019106568878185617
318	1.7666666666666666	0.014388489208633094	133	19	49	-0.0022546576480360838
319	1.7722222222222221	0.014319809069212411	133	19	48	0.0002849814762040401
320	1.7777777777777777	0.014184397163120567	133	19	47	0.00021972656249999336
321	1.7833333333333334	0.014084507042253521	133	19	46	-0.000427014489378018
322	1.788888888888889	0.02097902097902098	133	19	46	0.002382238339570227
323	1.7944444444444445	0.020737327188940093	133	19	45	0.001969730372187987
324	1.7950138504155124	0.020594965675057208	133	19	45	0.0016956256668190727
325	1.8005540166204985	0.02050113895216401	133	19	44	0.0014721893491124415
326	1.8060941828254848	0.020361990950226245	133	19	43	0.003928450449772296
327	1.8066298342541436	0.02027027027027027	134	19	43	0.003656631970746953
328	1.8071625344352618	0.020224719101123594	134	19	43	0.0033787552052349755
329	1.81267217630854	0.0200445434298441	148	29	42	0.0029471272438355177
330	1.8181818181818181	0.019867549668874173	148	29	42	0.0028236914600550857
331	1.8236914600550964	0.01978021978021978	148	29	41	0.0027199459661741083
332	1.8241758241758241	0.019736842105263157	148	29	41	0.0023180069676295625
333	1.8296703296703296	0.0196078431372549	240	44	40	0.001893785677569456
334	1.835164835164835	0.019271948608137045	240	36	40	0.004401376886944674
335	1.8406593406593406	0.01910828025477707	244	36	39	0.00410781911338828
336	1.8461538461538463	0.01882845188284519	244	36	39	0.006474985827664391
337	1.8516483516483517	0.01867219917012448	247	36	38	0.0058334580739462455
338	1.8520547945205479	0.018633540372670808	248	36	38	0.0052737999369769995
339	1.8524590163934427	0.018518518518518517	248	36	38	0.0048816143263633194
340	1.8579234972677596	0.018442622950819672	248	36	37	0.004653979238754313
341	1.8633879781420766	0.018329938900203666	248	36	37	0.0043558276932602995
342	1.8688524590163935	0.018145161290322582	248	36	37	0.004240621045791858
343	1.8743169398907105	0.017928286852589643	248	36	37	0.0036209402544857983
344	1.8797814207650274	0.017857142857142856	248	36	36	0.003211195240670629
345	1.880108991825613	0.01782178217821782	248	36	36	0.0027431211930266756
346	1.8855585831062671	0.017716535433070866	248	36	35	0.0026228741354539075
347	1.8858695652173914	0.017578125	249	36	35	0.0021634595420608064
348	1.891304347826087	0.017509727626459144	257	36	34	0.00221710265556876
349	1.8967391304347827	0.017408123791102514	257	29	34	0.0019827423420168966
350	1.897018970189702	0.01730769230769231	258	29	34	0.0015469387755102175
351	1.8972972972972972	0.017241379310344827	259	29	34	0.0010876535093059365
352	1.8975741239892183	0.01717557251908397	260	29	34	0.0007142626549586704
353	1.9029649595687332	0.022770398481973434	260	29	34	0.00020062756301712813
354	1.908355795148248	0.022641509433962263	260	29	34	-3.1919307989403557e-05
355	1.9137466307277629	0.0225140712945591	262	29	33	-0.0002658202737552128
356	1.9191374663072776	0.0223463687150838	264	29	32	-0.0007929869965913369
357	1.9245283018867925	0.022263450834879406	277	32	31	-0.0010278621252422684
358	1.9299191374663074	0.02214022140221402	277	30	31	-0.001154770450360476
359	1.935309973045822	0.02197802197802198	277	27	31	-0.0013966372079670455
360	1.9302949061662198	0.02197802197802198	277	27	32	-0.0016859567901234569
361	1.935656836461126	0.021778584392014518	277	27	32	0.000640725592958915
362	1.9410187667560321	0.02154398563734291	277	24	32	0.0003815512346998036
363	1.936	0.02154398563734291	277	24	33	1.1383557589422235e-05
364	1.9310344827586208	0.02154398563734291	277	24	34	-0.00023019562854726533
365	1.9312169312169312	0.02146690518783542	278	24	34	-0.0006492775379996283
366	1.9365079365079365	0.021352313167259787	280	24	33	-0.0009667353459344868
367	1.9417989417989419	0.021164021164021163	280	24	33	-0.0011804972937656403
368	1.947089947089947	0.021052631578947368	284	24	32	-0.0014916115311909236
369	1.9523809523809523	0.02097902097902098	287	24	31	-0.0018617665851455236
370	1.9525065963060686	0.020942408376963352	287	24	31	0.0009094229364499749
371	1.9526315789473685	0.020905923344947737	288	24	31	0.0006538749355206631
372	1.9578947368421054	0.020761245674740483	288	24	31	0.00027821135391375377
373	1.9631578947368422	0.020654044750430294	288	24	31	-0.00013297012125438028
374	1.963254593175853	0.020618556701030927	289	25	31	-0.000621979467528381
375	1.968503937007874	0.020512820512820513	289	25	31	0.0014933333333333391
376	1.973753280839895	0.02040816326530612	289	25	30	0.0010610004526935232
377	1.9738219895287958	0.02030456852791878	290	25	30	0.0006472992844528515
378	1.9738903394255876	0.02027027027027027	291	25	30	0.0006403796086335645
379	1.9739583333333333	0.020066889632107024	292	25	30	0.00042815073690659
380	1.9791666666666667	0.019966722129783693	292	25	29	0.0025034626038781182
381	1.984375	0.01990049751243781	294	25	28	0.002338782455342685
382	1.9792746113989637	0.01990049751243781	294	25	29	0.0022134809901044276
383	1.9844559585492227	0.019736842105263157	294	24	29	0.0017349630851665725
384	1.9896373056994818	0.019639934533551555	294	24	29	0.0017157660590277845
385	1.994818652849741	0.01957585644371941	296	25	28	0.0014876033057851222
386	2.0	0.01938610662358643	301	25	27	0.0012382882761953237
387	2.005181347150259	0.019261637239165328	301	24	27	0.003308428312935247
388	2.010362694300518	0.0192	301	24	26	0.0031984004676373647
389	2.0155440414507773	0.019077901430842606	301	24	26	0.0029374640664547504
390	2.0207253886010363	0.01892744479495268	301	24	26	0.002685733070348459
391	2.015463917525773	0.01892744479495268	301	24	27	0.002416912500572339
392	2.020618556701031	0.018867924528301886	303	24	26	0.002075957934194078
393	2.0257731958762886	0.0234009360374415	303	24	26	0.0016057080330723985
394	2.025706940874036	0.02336448598130841	304	24	26	0.001301244556675006
395	2.030848329048843	0.023148148148148147	304	24	26	0.0009485659349463193
396	2.0359897172236505	0.023006134969325152	309	24	25	0.002939751045811652
397	2.0411311053984575	0.022935779816513763	327	27	24	0.002588684656333086
398	2.0462724935732646	0.02276176024279211	327	27	24	0.002383146890230048
399	2.046153846153846	0.022727272727272728	328	27	24	0.002267573696145123
400	2.051282051282051	0.02262443438914027	328	27	24	0.0022937499999999924
401	2.051150895140665	0.022590361445783132	329	27	24	0.0020024751089856314
402	2.0562659846547313	0.022488755622188907	329	26	24	0.0016490928442365257
403	2.061381074168798	0.022388059701492536	329	26	24	0.001616289737637696
404	2.0664961636828645	0.022288261515601784	329	26	24	0.0013540339182433183
405	2.071611253196931	0.022091310751104567	329	26	24	0.0011583600060966234
406	2.0767263427109977	0.021994134897360705	329	26	24	0.0033851828484069094
407	2.081841432225064	0.021865889212827987	329	26	24	0.003139167758332372
408	2.0869565217391304	0.021613832853025938	329	26	24	0.002688268935024987
409	2.0920716112531967	0.02148997134670487	329	26	24	0.002439009809840932
410	2.0918367346938775	0.02127659574468085	330	26	24	0.002150505651397973
411	2.0916030534351147	0.021156558533145273	331	26	24	0.0016753393598190741
412	2.0913705583756346	0.02112676056338028	332	26	24	0.0015552832500706911
413	2.0964467005076144	0.02094972067039106	332	26	24	0.0013132515287068611
414	2.0962025316455697	0.02092050209205021	332	26	24	0.0009510140259982669
415	2.1012658227848102	0.02086230876216968	332	26	24	0.00048192771084337163
416	2.1063291139240508	0.02077562326869806	332	26	24	0.0003380408653846159
417	2.1113924050632913	0.02066115702479339	332	26	24	-2.0127782665951572e-05
418	2.111111111111111	0.02063273727647868	332	26	24	-0.0005036514731805559
419	2.1161616161616164	0.02054794520547945	339	29	23	-0.0006664350282807666
420	2.121212121212121	0.020435967302452316	339	25	23	-0.0009892290249433203
421	2.1262626262626263	0.0203527815468114	345	26	22	-0.0014161508905952977
422	2.1259445843828715	0.02032520325203252	345	26	22	-0.0015779070550975983
423	2.1309823677581865	0.020161290322580645	348	26	21	-0.0017185587579430926
424	2.136020151133501	0.020053475935828877	348	26	21	-0.0019162735849056673
425	2.141057934508816	0.019867549668874173	348	26	21	-0.0023640138408304477
426	2.146095717884131	0.019762845849802372	348	26	21	-0.0028323304458991705
427	2.1511335012594457	0.01968503937007874	348	26	21	-0.0030274942548908796
428	2.1561712846347607	0.0195822454308094	348	26	21	-0.003128002445628452
429	2.1557788944723617	0.01953125	349	26	21	-0.0010052107954205813
430	2.1608040201005023	0.01948051948051948	349	26	20	-0.0012898864250946366
431	2.1658291457286434	0.019430051813471502	349	26	20	-0.001609595124918576
432	2.1654135338345863	0.01935483870967742	350	26	20	-0.001778978052126195
433	2.1704260651629075	0.019230769230769232	350	23	20	-0.0019574481702926668
434	2.175438596491228	0.01910828025477707	350	23	20	-0.0024156384718299413
435	2.180451127819549	0.0189873417721519	350	23	20	-0.0027533359756903276
436	2.1854636591478696	0.018891687657430732	350	23	20	-0.002835409477316723
437	2.185	0.018867924528301886	350	23	20	-0.0028303023003733658
438	2.19	0.01877346683354193	352	23	19	-0.0029972269135339178
439	2.195	0.018633540372670808	352	22	19	-0.003193736022540351
440	2.2	0.018564356435643563	352	22	19	-0.003163739669421505
441	2.205	0.01847290640394089	352	22	19	-0.003393647708516504
442	2.21	0.018337408312958436	352	22	19	-0.0015509510452283988
443	2.215	0.018115942028985508	352	21	19	-0.0019516023011582353
444	2.22	0.018050541516245487	356	24	18	-0.0021710900089278455
445	2.225	0.017942583732057416	356	24	18	-0.0024921095821234633
446	2.23	0.017814726840855107	356	24	18	-0.00253624645579038
447	2.235	0.01773049645390071	356	24	18	-0.00036284651842510406
448	2.24	0.01762632197414806	356	24	18	-0.0007000358737244841
449	2.245	0.017482517482517484	356	24	18	-0.0011160658925303065
450	2.2443890274314215	0.017421602787456445	357	24	18	-0.001219753086419752
451	2.2493765586034913	0.017341040462427744	357	24	18	-0.0014331296306311198
452	2.254364089775561	0.01726121979286536	357	24	18	0.000535966011433941
453	2.253731343283582	0.017241379310344827	357	24	18	0.00248770765414772
454	2.2475247524752477	0.017241379310344827	357	24	19	0.002091055522133171
455	2.246913580246914	0.01718213058419244	358	24	19	0.0018186209395000706
456	2.251851851851852	0.02050113895216401	358	24	19	0.0014788204062788548
457	2.25679012345679	0.02043132803632236	360	24	18	0.001086909681157196
458	2.2617283950617284	0.020361990950226245	360	24	18	0.0007270074941362601
459	2.2610837438423643	0.020338983050847456	360	24	18	0.00041769309999477853
460	2.2660098522167487	0.020293122886133032	360	24	18	0.00017249527410208667
461	2.2653562653562656	0.02027027027027027	361	24	18	6.11704255108847e-05
462	2.27027027027027	0.023307436182019976	361	24	18	-0.00034669515188995564
463	2.2751842751842752	0.023204419889502764	361	24	18	-0.0005901039795865939
464	2.2800982800982803	0.023153252480705624	361	23	18	-0.0010241713733650298
465	2.285012285012285	0.023076923076923078	365	23	17	0.000709908659960682
466	2.28992628992629	0.022950819672131147	365	23	17	0.000419053583598884
467	2.294840294840295	0.022850924918389554	365	23	17	0.00012609530971299733
468	2.2997542997542997	0.02267818574514039	365	23	17	-8.674848418438246e-05
469	2.3046683046683047	0.022532188841201718	365	23	17	-0.0003068725819577096
470	2.3095823095823094	0.022411953041622197	365	23	17	-0.0004708012675418787
471	2.3088235294117645	0.022364217252396165	366	23	17	-0.0006581290203343821
472	2.3137254901960786	0.022245762711864406	366	23	17	0.0011131858661304192
473	2.3186274509803924	0.022175290390707498	366	23	17	0.0008470068699185212
474	2.323529411764706	0.022058823529411766	366	21	17	0.0005786109775854946
475	2.3284313725490198	0.025078369905956112	366	21	17	0.0002570637119113429
476	2.3333333333333335	0.02494802494802495	366	21	17	1.1033825294821768e-05
477	2.338235294117647	0.024844720496894408	366	21	17	0.001760215181361486
478	2.343137254901961	0.024640657084188913	366	21	17	0.0013305089196617669
479	2.3480392156862746	0.024489795918367346	366	21	17	0.0013620059187329204
480	2.34718826405868	0.024464831804281346	367	22	17	0.001278211805555549
481	2.352078239608802	0.024415055951169887	370	22	16	0.0031141808688586207
482	2.351219512195122	0.024365482233502538	371	22	16	0.002877447013653348
483	2.3503649635036497	0.02434077079107505	372	22	16	0.002556914385161756
484	2.3552311435523112	0.024217961654894045	372	21	16	0.002388412676729749
485	2.3600973236009732	0.024120603015075376	372	21	16	0.0022807949835264235
486	2.3649635036496353	0.024	372	20	16	0.0022333147047367526
487	2.3640776699029127	0.023952095808383235	373	20	16	0.0020449552850499084
488	2.3689320388349513	0.02385685884691849	373	20	16	0.0016754568664337616
489	2.3737864077669903	0.023785926660059464	373	20	16	0.0013633265167007557
490	2.378640776699029	0.023715415019762844	379	20	15	0.0012078300708038363
491	2.383495145631068	0.023575638506876228	379	20	15	0.001043217839647263
492	2.3883495145631066	0.0234375	379	20	15	0.0009584242183885406
493	2.387409200968523	0.023369036027263874	380	20	15	0.0007817353702339717
494	2.3922518159806296	0.02330097087378641	380	20	15	0.0005818813617662932
495	2.3970944309927362	0.02318840579710145	380	20	15	0.0006060606060606087
496	2.401937046004843	0.023054755043227664	380	20	15	0.0005243561394380695
497	2.406779661016949	0.022900763358778626	380	20	15	0.000216591298292768
498	2.4116222760290555	0.022748815165876776	380	20	15	5.8466798922600025e-05
499	2.4106280193236715	0.0226628895184136	381	20	15	-4.618455347569768e-05
500	2.4154589371980677	0.0225140712945591	381	19	15	-0.00024799999999999
501	2.420289855072464	0.022408963585434174	381	19	15	-0.00028884347074313414
502	2.4134615384615383	0.022408963585434174	381	19	16	-0.0004464214853732529
503	2.418269230769231	0.022325581395348838	381	19	16	-0.0007470089996798553
504	2.423076923076923	0.022201665124884366	381	19	16	-0.0010255259511212072
505	2.4278846153846154	0.022119815668202765	381	19	16	0.0005822958533477056
506	2.4326923076923075	0.02203856749311295	383	19	15	0.00042572138293052843
507	2.4375	0.02197802197802198	386	19	14	0.0001789542071745176
508	2.436450839328537	0.021897810218978103	387	19	14	2.131254262507107e-05
509	2.4412470023980815	0.021758839528558477	387	19	14	-0.00017948054855430624
510	2.4401913875598087	0.021739130434782608	388	19	14	-0.00033448673587083426
511	2.444976076555024	0.02164111812443643	391	19	13	0.0015127086676291694
512	2.449760765550239	0.021602160216021602	391	18	13	0.0014362335205078125
513	2.4545454545454546	0.021409455842997322	393	18	12	0.0010886540587987212
514	2.45933014354067	0.021314387211367674	393	18	12	0.0009273418219806499
515	2.464114832535885	0.02118270079435128	393	18	12	0.0007484211518521949
516	2.4688995215311005	0.021108179419525065	393	18	12	0.0006366053722733022
517	2.473684210526316	0.02097902097902098	393	18	12	0.00034793799969321903
518	2.478468899521531	0.020942408376963352	395	20	11	5.776598440691339e-05
519	2.4832535885167464	0.023457862728062554	395	20	11	-5.0118614053267906e-05
520	2.4821002386634845	0.023417172593235037	396	20	11	-0.0002496301775147837
521	2.486873508353222	0.023316062176165803	396	20	11	-0.0004991876687751619
522	2.4916467780429596	0.023195876288659795	396	20	11	-0.0005376462471190962
523	2.496420047732697	0.023096663815226688	400	20	10	-0.0008043022860464558
524	2.5011933174224343	0.022920203735144314	400	20	10	-0.0009487355049239594
525	2.5059665871121717	0.022804054054054054	400	20	10	-0.0011990929705215305
526	2.5107398568019095	0.022670025188916875	400	20	10	-0.0014132053376512553
527	2.515513126491647	0.022556390977443608	400	20	10	-0.0016778946382984827
528	2.520286396181384	0.022425249169435217	400	20	10	3.587006427915309e-05
529	2.519047619047619	0.022332506203473945	401	20	10	-0.00015365868475312257
530	2.5238095238095237	0.02225886232481451	401	20	10	-0.0004574581701673223
531	2.5285714285714285	0.022203947368421052	403	20	9	-0.0006277463904582532
532	2.527315914489311	0.02218570254724733	404	20	9	-0.0006642546215162061
533	2.532066508313539	0.022076860179885527	404	19	9	-0.0007145648018754593
534	2.5368171021377672	0.024370430544272948	404	19	9	-0.0007539732637573829
535	2.5415676959619953	0.024330900243309004	406	20	8	-0.0009083762774041338
536	2.5402843601895735	0.024291497975708502	407	20	8	-0.0010651035865448973
537	2.5450236966824646	0.024174053182917002	407	20	8	-0.0013264255173059598
538	2.5497630331753554	0.02413515687851971	409	20	7	-0.001402689293956688
539	2.5545023696682465	0.02403846153846154	409	20	7	-0.0016453199596586825
540	2.559241706161137	0.02388535031847134	409	20	7	-0.0019684499314128966
541	2.5639810426540284	0.023828435266084195	409	20	7	-0.0022054728526962894
542	2.5687203791469195	0.023715415019762844	409	20	7	-0.002561580043844721
543	2.5734597156398102	0.023603461841070025	409	20	7	-0.0007207078877662781
544	2.5781990521327014	0.023529411764705882	409	20	7	-0.000849845912629757
545	2.5829383886255926	0.023455824863174355	409	20	7	-0.0011867687905058508
546	2.5876777251184833	0.02336448598130841	409	20	7	0.00034047149431764895
547	2.5924170616113744	0.02332814930015552	409	20	7	0.002190776346968174
548	2.5971563981042656	0.023255813953488372	409	20	7	0.0018997415951835538
549	2.6018957345971563	0.02320185614849188	409	20	7	0.0015743146174034038
550	2.6066350710900474	0.02313030069390902	409	20	7	0.0030495867768595103
551	2.6113744075829386	0.023006134969325152	409	20	7	0.002952888824476858
552	2.6161137440758293	0.02517162471395881	409	20	7	0.0026747269481201532
553	2.6208530805687205	0.027314112291350532	409	20	7	0.004401440114581332
554	2.625592417061611	0.027210884353741496	409	20	7	0.004219395534934646
555	2.6303317535545023	0.026986506746626688	409	20	7	0.003973703433162884
556	2.6350710900473935	0.026865671641791045	409	20	7	0.003634322757621253
557	2.639810426540284	0.02680565897244974	412	20	6	0.0034069408765217673
558	2.6445497630331753	0.026686434395848776	412	20	6	0.0032598502074742165
559	2.6492890995260665	0.026587887740029542	412	20	6	0.0031185896102483056
560	2.654028436018957	0.026529108327192335	412	20	6	0.002941645408163252
561	2.6587677725118484	0.026373626373626374	412	18	6	0.0028819176349846386
562	2.6635071090047395	0.026277372262773723	412	18	6	0.002707032585706878
563	2.6682464454976302	0.026219956300072834	412	18	6	0.0025160189166763937
564	2.6729857819905214	0.02616279069767442	412	18	6	0.002232030581962672
565	2.677725118483412	0.02604920405209841	412	18	6	0.002147388205810935
566	2.6824644549763033	0.025974025974025976	412	18	6	0.001991534417960023
567	2.6872037914691944	0.025899280575539568	412	16	6	0.0036704210719495844
568	2.685579196217494	0.025843503230437905	413	16	6	0.003522676552271372
569	2.690307328605201	0.02565930149679259	413	16	6	0.0032662982879346205
570	2.6950354609929077	0.02556818181818182	413	16	6	0.004661434287473065
571	2.699763593380615	0.02553191489361702	413	16	6	0.0044334914934011285
572	2.7044917257683214	0.025477707006369428	413	16	6	0.00419947185681452
573	2.7092198581560285	0.027503526093088856	413	16	6	0.005576723347617791
574	2.713947990543735	0.027426160337552744	413	16	6	0.006944360135487856
575	2.7186761229314422	0.0273492286115007	413	16	6	0.0068945179584120955
576	2.723404255319149	0.02721563154221912	413	16	6	0.008332429108796297
577	2.7216981132075473	0.027158774373259052	414	16	6	0.008087309906917084
578	2.7264150943396226	0.02914642609299098	414	16	6	0.007771997461716214
579	2.731132075471698	0.028965517241379312	414	16	6	0.007625857219134894
580	2.7358490566037736	0.02878684030157642	414	16	6	0.007370689655172417
581	2.740566037735849	0.028688524590163935	414	16	6	0.00717499948157519
582	2.7452830188679247	0.028552005438477225	414	16	6	0.006933373484016488
583	2.75	0.028416779431664412	414	16	6	0.006778683629067143
584	2.7547169811320753	0.02834008097165992	414	16	6	0.006431495121035828
585	2.759433962264151	0.02824478816408877	414	15	6	0.006212287237928259
586	2.7641509433962264	0.028169014084507043	414	15	6	0.005864948921944351
587	2.768867924528302	0.028	414	15	6	0.005823216830301053
588	2.7735849056603774	0.027906976744186046	414	15	6	0.005543118607987412
589	2.7783018867924527	0.027833001988071572	414	15	6	0.005351362413921325
590	2.7830188679245285	0.02774108322324967	414	15	6	0.005221200804366557
591	2.7877358490566038	0.027613412228796843	414	15	6	0.006592113513188511
592	2.7858823529411763	0.02759526938239159	415	15	6	0.007993688367421483
593	2.7905882352941176	0.0273972602739726	415	15	6	0.009308998461534084
594	2.795294117647059	0.027255029201817	415	15	6	0.009144475053565953
595	2.7934272300469485	0.027219701879455604	416	15	6	0.00905444530753478
596	2.791569086651054	0.027166882276843468	417	15	6	0.008994527273546233
597	2.789719626168224	0.02711426726920594	418	15	6	0.010490756406263582
598	2.794392523364486	0.027061855670103094	418	15	6	0.010268341517432686
599	2.7990654205607477	0.026957637997432605	418	15	6	0.01010727394851184
600	2.803738317757009	0.026888604353393086	418	15	6	0.009924999999999993
601	2.808411214953271	0.026802807913209957	418	15	6	0.011218130625330483
602	2.8130841121495327	0.026683608640406607	418	15	6	0.012549530358384563
603	2.817757009345794	0.026599113362887904	418	15	6	0.012314051632385331
604	2.822429906542056	0.02648171500630517	418	15	6	0.01363564098065874
605	2.8271028037383177	0.02643171806167401	418	15	6	0.013489515743460141
606	2.825174825174825	0.026415094339622643	419	15	6	0.013390571730440365
607	2.8298368298368297	0.026282853566958697	419	15	6	0.014698099329893686
608	2.827906976744186	0.02623360399750156	420	15	6	0.01475799645083102
609	2.832558139534884	0.026151930261519303	420	15	6	0.014654296121936689
610	2.8372093023255816	0.0260707635009311	420	15	6	0.014638538027411987
611	2.841860465116279	0.026006191950464396	420	15	6	0.014538426715882569
612	2.8465116279069766	0.025909932140653916	420	15	6	0.014432216241616476
613	2.8445475638051043	0.025878003696857672	421	15	6	0.014278719106685213
614	2.8491879350348026	0.025798525798525797	421	15	6	0.014038610489235959
615	2.8538283062645013	0.025703794369645042	421	15	6	0.013714059091810444
616	2.8518518518518516	0.02565668906536347	422	15	6	0.013366503626243887
617	2.8564814814814814	0.02556299452221546	422	15	6	0.01325885434041961
618	2.861111111111111	0.02551640340218712	422	15	6	0.01299604109718163
619	2.865740740740741	0.025423728813559324	422	15	6	0.012767478944882171
620	2.8703703703703702	0.025347012673506336	422	14	6	0.012423257023933397
621	2.875	0.02530120481927711	422	14	6	0.012324934330115308
622	2.8796296296296298	0.025225225225225224	422	14	6	0.012174191747397149
623	2.884259259259259	0.026929982046678635	422	14	6	0.012159617034542628
624	2.888888888888889	0.02857142857142857	422	14	6	0.012105265861275473
625	2.8935185185185186	0.0285204991087344	424	14	5	0.012007679999999998
626	2.8981481481481484	0.030213270142180094	424	14	5	0.011669507701415739
627	2.9027777777777777	0.030070754716981132	424	14	5	0.01143899330754027
628	2.9074074074074074	0.029947152084556665	424	14	5	0.01126947340662908
629	2.905311778290993	0.029859484777517563	425	14	5	0.010958166620749617
630	2.9099307159353347	0.029685681024447033	425	14	5	0.010742000503905263
631	2.9145496535796767	0.029616724738675958	425	14	5	0.010646447040267633
632	2.9191685912240186	0.02954808806488992	425	14	5	0.010337385835603277
633	2.9170506912442398	0.029513888888888888	426	14	5	0.010173725757382906
634	2.921658986175115	0.029462738301559793	426	14	5	0.011402989381922404
635	2.9262672811059907	0.03105232892466935	426	14	5	0.01113398226796453
636	2.9308755760368665	0.030945558739255013	426	13	5	0.010992692140342545
637	2.935483870967742	0.030874785591766724	426	13	5	0.010657541606184805
638	2.933333333333333	0.03076923076923077	427	13	5	0.010557826672300775
639	2.9379310344827587	0.030716723549488054	427	13	5	0.011964851183260227
640	2.942528735632184	0.030612244897959183	427	13	5	0.011749267578125
641	2.947126436781609	0.030474040632054177	427	13	5	0.01161041761483253
642	2.9517241379310346	0.03204047217537943	427	13	5	0.01127827757882784
643	2.9563218390804598	0.03195067264573991	427	13	5	0.011217828559266087
644	2.9541284403669725	0.031879194630872486	428	13	5	0.01103955287218857
645	2.958715596330275	0.03175487465181059	428	13	5	0.010749354005167962
646	2.963302752293578	0.031631520532741396	428	13	5	0.010579512887116721
647	2.967889908256881	0.03154399557277255	428	13	5	0.01177948873531148
648	2.965675057208238	0.03149171270718232	429	13	5	0.011565738835543356
649	2.9702517162471396	0.03131868131868132	429	13	5	0.012838288608051735
650	2.9748283752860414	0.0312157721796276	429	13	5	0.012643786982248526
651	2.9794050343249427	0.03273322422258593	429	13	5	0.012379631006061802
652	2.9839816933638446	0.03260869565217391	429	13	5	0.012218186608453464
653	2.988558352402746	0.03253796095444685	429	13	5	0.012003733504686828
654	2.9931350114416477	0.032467532467532464	429	13	5	0.011713379906292967
655	2.997711670480549	0.032327586206896554	429	13	5	0.011507487908630045
656	3.002288329519451	0.0322754168908015	429	13	5	0.012871337745389646
657	3.0068649885583523	0.032171581769437	429	13	5	0.012698975324858846
658	3.011441647597254	0.032137118371719335	429	13	5	0.012372853170240481
659	3.0160183066361554	0.032068412613575625	431	13	4	0.01226625157444143
660	3.0205949656750573	0.032017075773746	431	13	4	0.012094811753902656
661	3.0251716247139586	0.03189792663476874	431	13	4	0.011962116721329479
662	3.0297482837528604	0.03176283748014823	431	13	4	0.01182560400142388
663	3.034324942791762	0.03161222339304531	431	13	4	0.011539712764093931
664	3.0389016018306636	0.03146303093864709	431	13	4	0.011239612062708676
665	3.0434782608695654	0.03139717425431711	431	13	4	0.012476680422861673
666	3.0480549199084668	0.031331592689295036	431	13	4	0.012235208181154122
667	3.045662100456621	0.031217481789802288	432	13	4	0.01203333865301231
668	3.050228310502283	0.03112033195020747	432	13	4	0.011712727240130519
669	3.0547945205479454	0.031023784901758014	432	13	4	0.01303174315903308
670	3.0593607305936072	0.030927835051546393	432	13	4	0.012944976609489863
671	3.0639269406392695	0.030753459764223477	432	13	4	0.01265877607770062
672	3.0684931506849313	0.03067484662576687	432	13	4	0.012488263534580499
673	3.0660592255125283	0.030643513789581207	433	13	4	0.01231649993707622
674	3.070615034168565	0.03058103975535168	433	13	4	0.012101673872271491
675	3.075170842824601	0.03047232097511427	433	13	4	0.011935253772290811
676	3.079726651480638	0.030349013657056147	433	13	4	0.011766482266027098
677	3.084282460136674	0.03028773346794548	433	13	4	0.011527745353228805
678	3.0888382687927107	0.030226700251889168	433	13	4	0.012675011529659493
679	3.093394077448747	0.030135610246107485	433	13	4	0.012453339290865655
680	3.0979498861047836	0.030015007503751877	433	12	4	0.0121561418685121
681	3.10250569476082	0.02991026919242273	433	12	4	0.011858478828534535
682	3.1070615034168565	0.02982107355864811	435	12	3	0.011765679689717149
683	3.111617312072893	0.029747149231531978	435	12	3	0.012963864099689386
684	3.1161731207289294	0.029658922392486405	435	12	3	0.012869344413665735
685	3.120728929384966	0.029585798816568046	435	12	3	0.012642122649048976
686	3.1252847380410023	0.029542097488921712	435	12	3	0.01240448282603337
687	3.129840546697039	0.029455081001472753	435	12	3	0.012191478677625003
688	3.134396355353075	0.029296875	435	12	3	0.011954308071930767
689	3.131818181818182	0.02925402242808386	436	12	3	0.013244621577726698
690	3.1363636363636362	0.029197080291970802	436	12	3	0.013039277462717918
691	3.133786848072562	0.029182879377431907	437	12	3	0.012866480551058563
692	3.1383219954648527	0.029083858458555503	437	12	3	0.012857512780246588
693	3.1357466063348416	0.02904162633107454	438	12	3	0.012605960657908722
694	3.1402714932126696	0.028971511347175277	438	12	3	0.01243262546819589
695	3.1447963800904977	0.028901734104046242	438	12	3	0.012180528958128461
696	3.1493212669683257	0.02886002886002886	438	12	3	0.012032013806315233
697	3.146726862302483	0.028832292167227293	439	12	3	0.01202324370277206
698	3.1512415349887135	0.02877697841726619	439	12	3	0.011787670051970012
699	3.1557562076749437	0.028721876495931067	439	12	3	0.011614794075329364
700	3.160270880361174	0.02861230329041488	439	12	3	0.011491836734693884
701	3.164785553047404	0.028476506881822496	439	12	3	0.011207750899977808
702	3.1693002257336342	0.028422548555187114	439	12	3	0.011036842233423431
703	3.1738148984198644	0.02834199338686821	439	12	3	0.010876977149343695
704	3.1783295711060946	0.02824858757062147	439	12	3	0.01067055946539256
705	3.1828442437923252	0.028222013170272814	439	12	3	0.010584980634776916
706	3.1873589164785554	0.028142589118198873	439	12	3	0.010354388527313445
707	3.1918735891647856	0.028037383177570093	439	12	3	0.011517478278440088
708	3.1963882618510158	0.02791996277338297	439	12	3	0.012673960228542242
709	3.200902934537246	0.027881040892193308	439	12	3	0.012525836464875326
710	3.205417607223476	0.027739251040221916	439	12	3	0.012228724459432648
711	3.2099322799097068	0.02768804799261652	439	12	3	0.012098409363804876
712	3.214446952595937	0.02761159687068569	439	12	3	0.011853380255018312
713	3.218961625282167	0.027510316368638238	439	12	3	0.01297286026488632
714	3.2234762979683973	0.027422303473491772	439	12	3	0.012814929893526027
715	3.2279909706546275	0.027309968138370506	439	12	3	0.012684238838084984
716	3.2325056433408577	0.02722323049001815	439	12	3	0.012589338659842077
717	3.237020316027088	0.02708803611738149	439	12	3	0.012458932208236316
718	3.2415349887133185	0.027002700270027002	439	12	3	0.012303985847409622
719	3.2460496613995486	0.026881720430107527	439	12	3	0.0120724774209273
720	3.2432432432432434	0.026833631484794274	440	12	3	0.011927083333333331
721	3.2477477477477477	0.026797677534613668	440	12	3	0.011919029087740283
722	3.2522522522522523	0.026714158504007122	440	12	3	0.012998672508651712
723	3.2567567567567566	0.02664298401420959	440	12	3	0.012931174662205464
724	3.2612612612612613	0.026607538802660754	440	12	3	0.012762888800708163
725	3.265765765765766	0.02654867256637168	440	12	3	0.012545065398335319
726	3.27027027027027	0.0264783759929391	440	12	3	0.012252502485410082
727	3.274774774774775	0.026396832380114386	440	12	3	0.01209583580087374
728	3.279279279279279	0.026292725679228746	440	12	3	0.01191734090085739
729	3.2837837837837838	0.026223776223776224	440	12	3	0.011725666630914816
730	3.2882882882882885	0.026121027427078797	440	12	3	0.011433664852692805
731	3.2927927927927927	0.025996533795493933	440	12	3	0.011204971919732163
732	3.2972972972972974	0.02591792656587473	440	12	3	0.011116523336020784
733	3.3018018018018016	0.0258732212160414	440	12	3	0.010973610105548405
734	3.3063063063063063	0.025806451612903226	440	12	3	0.010736771377024106
735	3.310810810810811	0.025762129669386003	440	12	3	0.011792308760238785
736	3.315315315315315	0.02566295979469632	440	12	3	0.011578449905482032
737	3.31981981981982	0.025597269624573378	440	12	3	0.012657202454484692
738	3.324324324324324	0.02555366269165247	440	12	3	0.012575186727477029
739	3.328828828828829	0.025466893039049237	440	12	3	0.012459692998438068
740	3.3333333333333335	0.025412960609911054	440	12	3	0.012342951059167285
741	3.3228699551569507	0.025412960609911054	440	12	4	0.013682862819875397
742	3.327354260089686	0.02533783783783784	440	12	4	0.013660537194585912
743	3.3318385650224216	0.02527379949452401	440	12	4	0.014924399826826964
744	3.336322869955157	0.025210084033613446	440	12	4	0.014777719967626321
745	3.3408071748878925	0.025157232704402517	440	12	4	0.014610152695824509
746	3.3452914798206277	0.025041736227045076	440	12	4	0.01431944454427187
747	3.3497757847533634	0.024958402662229616	440	12	4	0.014194215505484681
748	3.3542600896860986	0.024927295388450354	440	12	4	0.014103563155938118
749	3.3587443946188342	0.024834437086092714	440	12	4	0.013945607940092803
750	3.3632286995515694	0.024752475247524754	440	12	4	0.013711111111111118
751	3.367713004484305	0.024691358024691357	440	12	4	0.013483132122106174
752	3.3721973094170403	0.024630541871921183	440	12	4	0.01337833154142146
753	3.376681614349776	0.02459016393442623	440	12	4	0.013216721427702204
754	3.381165919282511	0.024529844644317254	440	12	4	0.01303921085774191
755	3.3856502242152464	0.02442002442002442	440	12	4	0.012788912766983901
756	3.390134529147982	0.024370430544272948	440	12	4	0.012678116514095335
757	3.3946188340807173	0.024301336573511544	440	12	4	0.012445707086130506
758	3.399103139013453	0.024242424242424242	440	12	4	0.012304982560689494
759	3.403587443946188	0.024164317358034634	440	12	4	0.012056464281932577
760	3.408071748878924	0.02408671216378964	440	12	4	0.011904432132963992
761	3.412556053811659	0.024028834601521828	440	12	4	0.011783375149580144
762	3.4170403587443947	0.023971234518577706	440	12	4	0.013040692748052155
763	3.42152466367713	0.023913909924272617	440	12	4	0.01295585989635312
764	3.4260089686098656	0.02385685884691849	440	12	4	0.012746361119486849
765	3.430493273542601	0.02377179080824089	440	12	4	0.013886966551326412
766	3.4349775784753365	0.023734177215189875	440	12	4	0.0136376960780972
767	3.4394618834080717	0.023649980291683092	440	12	4	0.013416025116906826
768	3.4439461883408073	0.02356637863315004	440	12	4	0.013231913248697925
769	3.4484304932735426	0.023538642604943115	442	12	3	0.012984454504101559
770	3.4529147982062782	0.023474178403755867	442	12	3	0.012787147917018044
771	3.4573991031390134	0.023446658851113716	442	12	3	0.012589138366969982
772	3.4618834080717487	0.0234192037470726	444	13	2	0.012528859835163351
773	3.4663677130044843	0.023355391202802646	444	13	2	0.012523241549782526
774	3.4708520179372195	0.023319082782743878	444	13	2	0.012296436512228828
775	3.475336322869955	0.023255813953488372	444	13	2	0.01203829344432883
776	3.4798206278026904	0.023174971031286212	444	12	2	0.011821294770963955
777	3.484304932735426	0.02313030069390902	444	12	2	0.011711380437249161
778	3.4887892376681613	0.023032629558541268	444	12	2	0.01143843220703008
779	3.493273542600897	0.022962112514351322	444	12	2	0.011305267771953441
780	3.497757847533632	0.02288329519450801	444	12	2	0.011187541091387237
781	3.502242152466368	0.02396348421453024	444	12	2	0.011021196437149258
782	3.506726457399103	0.025056947608200455	444	12	2	0.010904723281506531
783	3.5112107623318387	0.024990533888678532	444	12	2	0.010827139289727932
784	3.5078299776286355	0.02498107494322483	445	12	2	0.0107401538421491
785	3.5044642857142856	0.024924471299093656	446	12	2	0.010587042070672239
786	3.5089285714285716	0.024849397590361446	446	12	2	0.010453288787884662
787	3.513392857142857	0.024746906636670417	446	12	2	0.010232187920286621
788	3.517857142857143	0.02470984649943841	446	12	2	0.010115243886727306
789	3.5223214285714284	0.02466367713004484	446	12	2	0.00993862054452782
790	3.5267857142857144	0.024581005586592177	446	12	2	0.009730812369812528
791	3.53125	0.024544440312383786	446	12	2	0.009509638298110365
792	3.5357142857142856	0.024471635150166853	446	12	2	0.009346941638608313
793	3.5401785714285716	0.024444444444444446	446	12	2	0.009202527156757831
794	3.544642857142857	0.02440828402366864	446	12	2	0.008995361939990742
795	3.549107142857143	0.024363233665559248	446	12	2	0.009974288991732923
796	3.5535714285714284	0.024327312937707336	446	12	2	0.00986165122092877
797	3.5580357142857144	0.02426470588235294	446	12	2	0.00985344980943281
798	3.5625	0.024166971805199562	446	12	2	0.009587722438929403
799	3.5669642857142856	0.024096385542168676	446	12	2	0.010625766563648865
800	3.5714285714285716	0.024043715846994537	446	12	2	0.010482812499999996
801	3.575892857142857	0.025027203482045703	446	12	2	0.010343655948167167
802	3.580357142857143	0.024954792043399638	446	12	2	0.010237032108009277
803	3.5848214285714284	0.024891774891774892	446	12	2	0.01028986878284887
804	3.5892857142857144	0.02481121898597627	446	12	2	0.010102627410212615
805	3.59375	0.024731182795698924	446	12	2	0.009956406002854825
806	3.5982142857142856	0.02466928852341795	446	12	2	0.009853979767131135
807	3.6026785714285716	0.02459893048128342	446	12	2	0.009667577224686717
808	3.607142857142857	0.02453769559032717	446	12	2	0.009639833104597597
809	3.611607142857143	0.02446808510638298	446	12	2	0.009438012715418768
810	3.6160714285714284	0.024416135881104035	446	12	2	0.009248590153939938
811	3.6205357142857144	0.024373013069586717	446	12	2	0.009031945156076806
812	3.625	0.024312896405919663	446	12	2	0.008892929942488302
813	3.6294642857142856	0.02422752808988764	446	12	2	0.008675898567103749
814	3.6339285714285716	0.025227750525578137	446	12	2	0.008518010975013427
815	3.638392857142857	0.025174825174825177	446	12	2	0.008331514170650017
816	3.642857142857143	0.025130890052356022	446	12	2	0.009281286043829294
817	3.6473214285714284	0.025078369905956112	446	12	2	0.009038351193802452
818	3.6517857142857144	0.025043478260869566	446	12	2	0.008957980882467227
819	3.65625	0.02498265093684941	446	12	2	0.010019962400914784
820	3.6607142857142856	0.024930747922437674	446	12	2	0.010068411659726342
821	3.6651785714285716	0.0248790601243953	446	12	2	0.009867352282724638
822	3.669642857142857	0.024836150396688513	446	12	2	0.009760479750889468
823	3.674107142857143	0.024759284731774415	446	12	2	0.00955739382190929
824	3.6785714285714284	0.024699828473413378	446	12	2	0.010730128899990575
825	3.6830357142857144	0.024623803009575923	446	12	2	0.010659320477502301
826	3.6875	0.02459856508370345	446	12	2	0.010418071279071819
827	3.6919642857142856	0.02455661664392906	446	12	2	0.010271534033503484
828	3.6964285714285716	0.024514811031664963	446	12	2	0.011317358631473307
829	3.700892857142857	0.024448217317487267	446	12	2	0.011228229980458086
830	3.705357142857143	0.024390243902439025	446	12	2	0.011042241254173324
831	3.7098214285714284	0.02434900236726412	446	12	2	0.010883180486589887
832	3.7142857142857144	0.024275118004045852	446	12	2	0.010758078309911247
833	3.71875	0.024201680672268907	446	12	2	0.010589589977647723
834	3.7232142857142856	0.024161073825503355	446	12	2	0.01050454600348499
835	3.7276785714285716	0.024080267558528427	446	12	2	0.010466492165369866
836	3.732142857142857	0.02404809619238477	446	12	2	0.010367064627641307
837	3.736607142857143	0.02401601067378252	446	12	2	0.010164594779386466
838	3.7410714285714284	0.02396006655574043	446	12	2	0.009928173113618634
839	3.7455357142857144	0.023920265780730896	446	12	2	0.010917418289836498
840	3.75	0.023888520238885203	446	12	2	0.010792233560090698
841	3.7544642857142856	0.023801652892561982	446	12	2	0.010553796864329735
842	3.7589285714285716	0.02372322899505766	446	12	2	0.01045469163455407
843	3.763392857142857	0.02461437479488021	446	12	2	0.010273003972425202
844	3.767857142857143	0.024549918166939442	446	12	2	0.010217790480896652
845	3.7723214285714284	0.02449379490529066	446	12	2	0.010128496901368994
846	3.7767857142857144	0.02446183953033268	446	12	2	0.009881712858172792
847	3.78125	0.02438231469440832	446	12	2	0.009810303467059942
848	3.7857142857142856	0.024342745861733205	446	12	2	0.0096439457992168
849	3.7901785714285716	0.024295432458697766	446	12	2	0.009574071068158899
850	3.794642857142857	0.024232633279483037	446	12	2	0.009537024221453291
851	3.799107142857143	0.024193548387096774	446	12	2	0.009381373403240252
852	3.8035714285714284	0.02413904087544255	448	12	1	0.009243646542793547
853	3.8080357142857144	0.02410025706940874	448	12	1	0.010262379932078897
854	3.8125	0.024053880692751765	448	12	1	0.01009507538570387
855	3.8169642857142856	0.02399232245681382	448	12	1	0.009895010430559825
856	3.8214285714285716	0.023938716884774978	448	12	1	0.009864398637435576
857	3.825892857142857	0.023892959541255178	448	12	1	0.009699107766502513
858	3.830357142857143	0.023817084788821847	448	12	1	0.009499242016724535
859	3.8348214285714284	0.023756731073804244	448	12	1	0.00931383244723742
860	3.8307349665924275	0.023696682464454975	449	12	1	0.00910627366143862
861	3.8351893095768372	0.02365930599369085	449	12	1	0.009043315918475268
862	3.8396436525612474	0.023607176581680833	449	12	1	0.008914007784195821
863	3.844097995545657	0.02355527638190955	449	12	1	0.009920525693201515
864	3.848552338530067	0.023510971786833857	449	12	1	0.009710701731824423
865	3.8530066815144766	0.023459493274945262	449	12	1	0.009661532293093656
866	3.8574610244988863	0.023386342376052385	449	12	1	0.009579895353860753
867	3.861915367483296	0.02417854928704278	449	12	1	0.009450716985348993
868	3.866369710467706	0.024126198577172905	449	12	1	0.00928759901463186
869	3.870824053452116	0.024088943792464484	449	12	1	0.009223860872052446
870	3.8752783964365256	0.02404438964241677	449	12	1	0.009026952041220759
871	3.8797327394209353	0.023992617656105813	449	12	1	0.00888364852413723
872	3.884187082405345	0.02394841879029782	449	12	1	0.008676537118087708
873	3.888641425389755	0.02390438247011952	449	12	1	0.009628947330438802
874	3.893095768374165	0.023845918679302965	449	12	1	0.009464232414685097
875	3.8975501113585747	0.023773239865894545	449	12	1	0.009334857142857141
876	3.9020044543429844	0.023744292237442923	449	12	1	0.009327891411772055
877	3.906458797327394	0.023686607956270877	449	12	1	0.01027135890078257
878	3.910913140311804	0.023650697392359005	449	12	1	0.011412871456665339
879	3.915367483296214	0.02360774818401937	449	12	1	0.011359091738595279
880	3.9198218262806237	0.023564954682779457	449	12	1	0.01115250516528925
881	3.9242761692650334	0.023536511768255886	449	12	1	0.012244237986706357
882	3.928730512249443	0.023479831426851294	449	12	1	0.012143859811498297
883	3.933184855233853	0.023430459597476718	449	12	1	0.011936810702728905
884	3.937639198218263	0.023381294964028777	449	12	1	0.011914298437787916
885	3.9420935412026727	0.023332336224947653	449	12	1	0.011836317788630335
886	3.9465478841870825	0.023269689737470168	449	12	1	0.011674581781308436
887	3.942222222222222	0.02324888226527571	450	12	1	0.011566292012013691
888	3.9466666666666668	0.023200475907198096	450	12	1	0.011466703189676169
889	3.951111111111111	0.024028478196380897	450	12	1	0.011260614357963408
890	3.9555555555555557	0.023985786200769913	450	12	1	0.011096452468122717
891	3.96	0.023936170212765957	450	12	1	0.010921032245386895
892	3.9644444444444447	0.0238867590681215	450	12	1	0.010801041645719812
893	3.968888888888889	0.02384456873712099	450	12	1	0.01065146485856775
894	3.973333333333333	0.023802527181898327	450	12	1	0.010562587270843648
895	3.977777777777778	0.023739742086752638	450	12	1	0.011616366530382956
896	3.982222222222222	0.023698069046225862	450	12	1	0.011472118144132662
897	3.986666666666667	0.023642732049036778	450	12	1	0.011307355498136355
898	3.991111111111111	0.023580786026200874	450	12	1	0.011080054166397978
899	3.9955555555555557	0.02355335853445769	450	12	1	0.010989840398613712
900	4.0	0.02349869451697128	450	12	1	0.010766666666666667
901	4.004444444444444	0.023444283646888567	450	12	1	0.010662711674412828
902	4.0088888888888885	0.023410404624277455	450	12	1	0.011576885069394941
903	4.013333333333334	0.02338337182448037	450	11	1	0.011505269134875875
904	4.017777777777778	0.023322775698243592	450	11	1	0.011405185409977293
905	4.022222222222222	0.023242467718794835	450	11	1	0.01121272244436983
906	4.026666666666666	0.02316933638443936	450	11	1	0.011082603589511172
907	4.0311111111111115	0.023096663815226688	450	11	1	0.011051493407273325
908	4.035555555555556	0.023011363636363635	450	11	1	0.010996841584350558
909	4.04	0.02297872340425532	450	11	1	0.010830455982892007
910	4.044444444444444	0.022939677145284623	450	11	1	0.010760173892042032
911	4.039911308203991	0.022920203735144314	451	11	1	0.010561848657884308
912	4.044345898004434	0.02287489409771251	451	11	1	0.010437706794398278
913	4.048780487804878	0.02284263959390863	451	11	1	0.010264897087103781
914	4.053215077605321	0.022797635800731776	451	11	1	0.010071271588563989
915	4.057649667405765	0.022740033688938798	451	11	1	0.009943563558183287
916	4.062084257206209	0.02267637178051512	451	11	1	0.00972104364905322
917	4.066518847006652	0.022613065326633167	451	11	1	0.009503037856363923
918	4.070953436807096	0.022543835235179516	451	11	1	0.010343837365495694
919	4.075388026607539	0.0225	451	11	1	0.01128515287824089
920	4.0798226164079825	0.022462562396006656	451	11	1	0.011234050094517969
921	4.0842572062084255	0.02241904234707999	451	11	1	0.01113244938643618
922	4.088691796008869	0.02236333517393705	451	11	1	0.010993031276909093
923	4.093126385809312	0.022283356258596974	451	11	1	0.010828954056030486
924	4.097560975609756	0.02221003564573622	451	11	1	0.01060641198628212
925	4.101995565410199	0.02217962760131435	451	11	1	0.010482980277574879
926	4.097345132743363	0.02214324767632586	452	11	1	0.010379882352392376
927	4.101769911504425	0.02210698689956332	452	11	1	0.010284768697437194
928	4.106194690265487	0.022064832470716427	452	11	1	0.010207458568668261
929	4.110619469026549	0.0220348204570185	452	11	1	0.010184336549480272
930	4.115044247787611	0.021986970684039087	452	11	1	0.010058388252977214
931	4.119469026548672	0.021933387489845652	452	11	1	0.00999410448785767
932	4.123893805309734	0.022696568495001353	452	11	1	0.009920863342481899
933	4.128318584070796	0.02266594711279007	452	11	1	0.009750841193857707
934	4.132743362831858	0.022623215728521412	452	11	1	0.00959527990866114
935	4.1371681415929205	0.022568511552928532	452	11	1	0.00945351597128885
936	4.1415929203539825	0.022538234504963776	452	11	1	0.009235859997077937
937	4.146017699115045	0.022483940042826552	452	11	1	0.00901797216074828
938	4.150442477876106	0.022429906542056073	452	11	1	0.008986252108328301
939	4.154867256637168	0.02237017310252996	452	11	1	0.008902475953277754
940	4.15929203539823	0.022322614934892373	452	11	1	0.008685491172476235
941	4.163716814159292	0.022263450834879406	452	11	1	0.008569353831420445
942	4.168141592920354	0.0222104706504495	452	11	1	0.008459887937757229
943	4.172566371681416	0.02216358839050132	452	11	1	0.008274960106786739
944	4.176991150442478	0.022076215505913273	452	11	1	0.008191230070382065
945	4.18141592920354	0.02279874213836478	452	11	1	0.008099437305786501
946	4.185840707964601	0.022739153162571878	452	11	1	0.008121991337734492
947	4.1902654867256635	0.022668056279312142	452	11	1	0.008005049012666032
948	4.1946902654867255	0.022626788036410925	452	11	1	0.00782070626146095
949	4.199115044247788	0.022556390977443608	452	11	1	0.007722065598417057
950	4.20353982300885	0.022521356458710846	452	11	1	0.007537396121883649
951	4.207964601769912	0.022463206816421378	452	11	1	0.007517682974698162
952	4.212389380530974	0.022388059701492536	452	11	1	0.007394869712590926
953	4.216814159292035	0.022353545734840698	452	11	1	0.00820956409813161
954	4.221238938053097	0.022319138019497177	452	11	1	0.008079189905462587
955	4.225663716814159	0.022250639386189257	452	11	1	0.007963597489103929
956	4.230088495575221	0.02218821729150727	452	11	1	0.008817904098317607
957	4.225165562913907	0.02215995924605196	453	11	1	0.008678286486091038
958	4.229580573951435	0.022137404580152672	453	11	1	0.00954493747848031
959	4.233995584988962	0.022086824067022087	453	11	1	0.010407956671932998
960	4.23841059602649	0.022053231939163497	453	11	1	0.010336914062500004
961	4.242825607064018	0.02199191102123357	453	11	1	0.01017085697022591
962	4.247240618101546	0.021958606764260473	453	11	1	0.010051391548273041
963	4.251655629139073	0.02193645990922844	453	11	1	0.009891963177548533
964	4.256070640176601	0.021892299949672872	453	11	1	0.009705196191525633
965	4.260485651214128	0.021859296482412062	453	11	1	0.009492335364707786
966	4.264900662251655	0.021815446339017053	453	11	1	0.010523963838843665
967	4.269315673289183	0.02177177177177177	453	11	1	0.010493118836816613
968	4.27373068432671	0.02174456385903524	453	11	1	0.010307633529130542
969	4.2781456953642385	0.021706586826347306	453	11	1	0.011200145692952104
970	4.282560706401766	0.021636408853519026	453	11	1	0.011148899989371883
971	4.286975717439294	0.021572030746342674	453	11	1	0.010988597229013177
972	4.291390728476821	0.021502718734552645	453	11	1	0.010870209487036191
973	4.295805739514349	0.021439132577624444	453	11	1	0.010815132947231985
974	4.300220750551876	0.021396950319724543	453	11	1	0.010745502152473559
975	4.304635761589404	0.02136017677387675	453	11	1	0.010589875082182766
976	4.309050772626931	0.0213339872486513	453	11	1	0.010379224334856229
977	4.313465783664459	0.021292217327459617	453	11	1	0.0103537975273669
978	4.317880794701987	0.021240234375	453	11	1	0.0102557910012086
979	4.322295805739515	0.021183345507669833	453	11	1	0.011136314076714152
980	4.326710816777042	0.02112676056338028	453	11	1	0.01203717201166181
981	4.33112582781457	0.02109090909090909	453	11	1	0.011961727459861746
982	4.335540838852097	0.021070477113102445	453	11	1	0.011759014605049765
983	4.339955849889625	0.02100941801497223	453	11	1	0.011634717977747849
984	4.344370860927152	0.02097902097902098	453	9	1	0.011523295492101272
985	4.3487858719646795	0.020948711774620755	453	9	1	0.011496302404081529
986	4.3532008830022075	0.020918490021639816	453	9	1	0.011432879789672029
987	4.357615894039735	0.020873320537428023	453	9	1	0.011277817298641208
988	4.362030905077263	0.02082834570265741	453	9	1	0.011161263092330632
989	4.36644591611479	0.0214848412508952	453	9	1	0.011020108964023894
990	4.370860927152318	0.02211652794292509	453	9	1	0.010909090909090913
991	4.375275938189845	0.022069292833412434	453	9	1	0.010901850254714214
992	4.379690949227373	0.0227111426543648	453	9	1	0.011685723692767939
993	4.3841059602649	0.02265754071276847	453	9	1	0.01153188127567696
994	4.3885209713024285	0.02262550082488805	453	9	1	0.01241756373249557
995	4.392935982339956	0.02255109231853418	453	9	1	0.012326961440367679
996	4.397350993377484	0.022487702037947997	453	9	1	0.012195871840776761
997	4.401766004415011	0.02243514839915868	453	9	1	0.012060252975576667
998	4.406181015452539	0.022414195657249593	453	9	1	0.011968827434427969
999	4.410596026490066	0.022356776897997206	453	9	1	0.011876240604969336
1000	4.415011037527594	0.022996515679442508	453	9	1	0.011802500000000004
